time,latitude,longitude,depth,mag,magType,nst,gap,dmin,rms,horizontalError,depthError,magError,magNst,felt_radius_km,felt_area_sqkm,max_nearfield_mmi
2025-12-07T02:43:07.342Z,29.8698,80.9384,43.404,4.4,mb,21.0,166.0,8.856,0.94,13.18,9.35,0.144,14.0,0.0,0.0,3.1395724093633057
2025-12-04T11:59:01.015Z,29.1109,87.0043,10.0,4.1,mb,36.0,168.0,3.646,1.26,10.55,1.93,0.103,26.0,5.87173786997333,108.3136500315039,4.108474632846999
2025-11-10T22:44:15.027Z,29.1757,86.8367,10.0,4.2,mb,14.0,164.0,3.779,0.57,12.27,1.963,0.199,7.0,8.486570187601345,226.26338883957507,4.199076760127543
2025-11-03T20:57:22.312Z,28.5267,87.3673,10.0,4.7,mb,64.0,79.0,3.493,0.77,9.64,1.872,0.058,89.0,21.46437583000791,1447.3927759372527,4.632809991687335
2025-10-21T14:59:40.611Z,29.0245,85.3683,10.0,4.1,mb,25.0,163.0,5.072,0.44,9.46,1.84,0.103,26.0,5.87173786997333,108.3136500315039,4.108474632846999
2025-10-14T19:23:30.898Z,29.639,81.421,10.0,4.6,mb,76.0,45.0,8.445,0.76,9.45,1.886,0.076,51.0,18.581626128585935,1084.7191512713061,4.548833850107908
2025-10-02T00:18:52.698Z,29.0247,86.7789,10.0,4.3,mb,18.0,163.0,3.855,0.75,10.65,1.932,0.153,12.0,10.919576438077586,374.5945531775667,4.288478149965014
2025-09-13T21:03:04.502Z,28.997,86.6568,10.0,4.3,mb,26.0,163.0,3.966,0.85,12.53,1.939,0.119,21.0,10.919576438077586,374.5945531775667,4.288478149965014
2025-09-12T21:42:10.839Z,29.1796,87.0157,10.0,5.0,mb,73.0,73.0,3.624,0.75,7.3,1.476,0.044,165.0,31.662801371547832,3149.5502785459616,4.875679822364176
2025-08-28T14:00:32.485Z,30.0555,84.3549,10.0,4.4,mb,21.0,131.0,22.604,0.58,9.63,1.864,0.096,31.0,13.359590422338158,560.7072353058386,4.376612577921321
2025-08-26T02:03:56.690Z,29.9566,84.4391,10.0,4.6,mb,70.0,78.0,5.816,0.56,9.1,1.794,0.067,66.0,18.581626128585935,1084.7191512713061,4.548833850107908
2025-08-22T17:30:09.842Z,27.0552,86.7342,10.0,4.1,mb,16.0,197.0,4.684,0.31,11.49,1.916,0.15,14.0,5.87173786997333,108.3136500315039,4.108474632846999
2025-08-19T07:32:46.610Z,28.0848,87.571,10.0,4.1,mb,12.0,100.0,3.511,1.29,10.64,1.918,0.139,14.0,5.87173786997333,108.3136500315039,4.108474632846999
2025-06-29T08:49:03.132Z,29.6691,81.7981,10.0,4.2,mb,33.0,114.0,3.579,1.0,7.27,1.924,0.125,18.0,8.486570187601345,226.26338883957507,4.199076760127543
2025-06-10T02:05:40.528Z,29.0675,86.7312,10.0,4.2,mb,32.0,97.0,3.889,0.78,5.18,1.9,0.088,36.0,8.486570187601345,226.26338883957507,4.199076760127543
2025-05-28T07:05:18.761Z,28.5449,83.9408,10.0,4.3,mb,23.0,197.0,6.392,0.45,8.26,1.956,0.125,19.0,10.919576438077586,374.5945531775667,4.288478149965014
2025-05-23T03:57:24.467Z,29.1857,86.802,10.0,4.4,mb,36.0,93.0,1.924,0.76,8.44,1.894,0.091,35.0,13.359590422338158,560.7072353058386,4.376612577921321
2025-05-22T20:03:50.879Z,29.472,80.4663,10.0,4.6,mb,72.0,100.0,4.546,0.99,9.19,1.864,0.075,53.0,18.581626128585935,1084.7191512713061,4.548833850107908
2025-05-19T12:00:09.261Z,28.4953,87.3902,10.0,4.3,mb,43.0,115.0,1.989,0.44,9.81,1.901,0.083,41.0,10.919576438077586,374.5945531775667,4.288478149965014
2025-05-11T21:11:22.060Z,29.0536,87.6068,9.0,5.5,mww,151.0,22.0,2.401,0.67,8.15,1.787,0.08,15.0,56.151416799280646,9905.38385837636,5.284956309423697
2025-04-28T11:00:13.739Z,29.2422,86.7678,10.0,4.4,mb,97.0,64.0,1.945,0.49,7.78,1.858,0.053,104.0,13.359590422338158,560.7072353058386,4.376612577921321
2025-04-21T00:03:23.936Z,29.1753,86.972,10.0,4.2,mb,57.0,86.0,2.025,0.81,7.22,1.893,0.073,52.0,8.486570187601345,226.26338883957507,4.199076760127543
2025-04-15T22:20:34.826Z,28.0012,87.7827,68.888,4.2,mb,53.0,130.0,2.225,0.46,10.32,8.367,0.073,52.0,0.0,0.0,2.4715555511143794
2025-04-11T09:57:27.484Z,28.5323,87.3531,10.0,4.3,mb,39.0,82.0,1.971,0.6,5.36,1.883,0.081,44.0,10.919576438077586,374.5945531775667,4.288478149965014
2025-04-10T05:12:27.380Z,28.9806,86.6178,10.0,4.2,mb,18.0,146.0,1.666,0.63,11.02,1.75,0.103,26.0,8.486570187601345,226.26338883957507,4.199076760127543
2025-04-06T02:51:39.152Z,28.8831,87.4368,35.0,4.4,mb,11.0,109.0,2.187,0.96,7.65,1.948,0.202,7.0,0.0,0.0,3.3450680400173747
2025-04-04T14:25:23.708Z,28.9124,81.8313,10.0,4.8,mb,80.0,60.0,3.234,0.83,9.83,1.867,0.066,72.0,24.58150241840967,1898.3081813468687,4.715300054481624
2025-04-04T14:22:50.277Z,28.9769,82.0489,10.0,4.9,mb,112.0,36.0,3.078,0.57,8.33,1.842,0.046,151.0,27.96917822733938,2457.589175414405,4.796266326866449
2025-04-02T00:19:26.396Z,28.4986,87.1294,38.514,4.3,mb,41.0,51.0,1.776,0.44,8.34,9.248,0.086,38.0,0.0,0.0,3.151985194896534
2025-03-26T13:59:55.379Z,29.4072,81.519,10.0,4.3,mb,39.0,121.0,3.673,0.36,8.15,1.924,0.091,34.0,10.919576438077586,374.5945531775667,4.288478149965014
2025-03-26T12:42:12.900Z,28.7659,86.5548,10.0,4.4,mb,33.0,89.0,1.481,0.5,5.92,1.6,0.081,44.0,13.359590422338158,560.7072353058386,4.376612577921321
2025-03-13T08:37:19.310Z,29.0111,87.6255,10.0,4.3,mb,64.0,102.0,2.393,0.65,7.4,1.887,0.064,70.0,10.919576438077586,374.5945531775667,4.288478149965014
2025-03-11T07:09:05.483Z,29.2287,87.1438,10.0,4.1,mb,31.0,148.0,2.172,1.0,6.38,1.92,0.114,21.0,5.87173786997333,108.3136500315039,4.108474632846999
2025-03-10T22:26:08.337Z,28.11,83.884,17.31,4.4,mb,19.0,189.0,1.272,0.95,13.04,6.583,0.17,10.0,0.0,0.0,3.970088830394408
2025-03-08T21:00:14.264Z,28.7362,87.4767,10.0,4.0,mb,20.0,110.0,2.151,0.76,8.61,1.937,0.111,22.0,2.1662344698955907,14.742149025978918,4.016740240475781
2025-03-08T09:19:54.316Z,28.4149,87.7113,10.0,4.1,mb,33.0,120.0,2.234,1.11,7.61,1.891,0.114,21.0,5.87173786997333,108.3136500315039,4.108474632846999
2025-03-08T08:50:17.952Z,28.5719,87.5508,10.0,5.0,mww,94.0,41.0,2.148,0.67,8.01,1.857,0.11,8.0,31.662801371547832,3149.5502785459616,4.875679822364176
2025-03-04T09:14:26.580Z,28.4219,87.5215,10.0,4.3,mb,46.0,136.0,3.405,0.66,10.54,1.897,0.075,50.0,10.919576438077586,374.5945531775667,4.288478149965014
2025-02-27T21:06:10.378Z,27.8626,85.9232,10.0,5.0,mww,98.0,26.0,0.574,0.77,6.15,1.743,0.075,17.0,31.662801371547832,3149.5502785459616,4.875679822364176
2025-02-21T10:11:47.229Z,28.4908,87.4621,10.0,4.9,mb,99.0,55.0,2.047,0.46,7.01,1.837,0.046,145.0,27.96917822733938,2457.589175414405,4.796266326866449
2025-02-16T03:28:58.304Z,28.9741,87.4658,10.0,4.8,mb,76.0,94.0,2.254,0.74,8.01,1.864,0.058,94.0,24.58150241840967,1898.3081813468687,4.715300054481624
2025-02-09T15:23:34.383Z,28.0553,87.2743,10.0,4.3,mb,38.0,87.0,3.757,0.72,5.92,1.874,0.097,34.0,10.919576438077586,374.5945531775667,4.288478149965014
2025-02-09T11:26:59.678Z,28.0714,87.4589,10.0,4.0,mb,42.0,154.0,3.604,0.52,10.27,1.912,0.104,28.0,2.1662344698955907,14.742149025978918,4.016740240475781
2025-02-09T07:37:01.819Z,29.1595,86.349,10.0,4.3,mb,36.0,83.0,1.65,0.77,6.38,1.878,0.104,26.0,10.919576438077586,374.5945531775667,4.288478149965014
2025-02-02T07:17:19.602Z,28.6434,87.2383,10.0,4.2,mb,24.0,110.0,1.922,1.15,5.05,1.886,0.11,23.0,8.486570187601345,226.26338883957507,4.199076760127543
2025-01-27T09:33:37.563Z,28.6098,87.4588,10.0,4.8,mb,75.0,107.0,2.086,0.82,7.31,1.869,0.059,88.0,24.58150241840967,1898.3081813468687,4.715300054481624
2025-01-24T05:59:17.789Z,28.8632,87.5218,10.0,4.6,mb,67.0,97.0,2.243,0.52,9.84,1.865,0.067,66.0,18.581626128585935,1084.7191512713061,4.548833850107908
2025-01-22T11:30:24.705Z,28.6745,87.6268,10.0,4.2,mb,42.0,113.0,2.247,0.51,5.54,1.888,0.093,32.0,8.486570187601345,226.26338883957507,4.199076760127543
2025-01-21T00:14:17.923Z,28.3525,87.488,10.0,4.8,mb,66.0,74.0,2.028,0.66,8.27,1.847,0.051,119.0,24.58150241840967,1898.3081813468687,4.715300054481624
2025-01-20T21:03:11.864Z,28.3855,87.5651,10.0,5.0,mb,95.0,39.0,2.102,0.7,8.6,1.799,0.041,194.0,31.662801371547832,3149.5502785459616,4.875679822364176
2025-01-19T17:59:49.855Z,28.4216,87.501,10.0,4.4,mb,73.0,90.0,2.058,0.77,7.36,1.858,0.072,56.0,13.359590422338158,560.7072353058386,4.376612577921321
2025-01-19T17:56:44.997Z,28.3527,87.5481,10.0,4.5,mb,77.0,106.0,2.079,0.67,5.36,1.822,0.064,71.0,15.894719573798147,793.6985977991508,4.463417222263276
2025-01-18T16:26:31.499Z,28.6435,87.4691,10.0,4.6,mb,91.0,43.0,2.107,0.59,7.71,1.848,0.053,115.0,18.581626128585935,1084.7191512713061,4.548833850107908
2025-01-18T15:36:54.487Z,28.4323,87.6046,10.0,4.8,mb,139.0,39.0,2.149,0.48,7.3,1.83,0.044,171.0,24.58150241840967,1898.3081813468687,4.715300054481624
2025-01-16T05:18:46.581Z,29.1529,87.5413,10.0,4.0,mb,23.0,103.0,2.405,0.76,9.82,1.928,0.13,16.0,2.1662344698955907,14.742149025978918,4.016740240475781
2025-01-16T03:20:02.464Z,28.7777,87.4095,10.0,4.9,mb,100.0,84.0,2.116,0.83,9.28,1.902,0.058,95.0,27.96917822733938,2457.589175414405,4.796266326866449
2025-01-16T02:57:22.808Z,29.1378,87.4391,10.0,4.1,mb,34.0,98.0,2.322,1.07,9.08,1.918,0.103,26.0,5.87173786997333,108.3136500315039,4.108474632846999
2025-01-15T20:50:52.766Z,29.0382,87.4195,10.0,4.4,mb,91.0,100.0,2.253,0.75,9.2,1.85,0.063,73.0,13.359590422338158,560.7072353058386,4.376612577921321
2025-01-13T15:44:42.737Z,28.4247,87.169,10.0,4.6,mb,82.0,130.0,3.692,0.81,9.38,1.815,0.06,84.0,18.581626128585935,1084.7191512713061,4.548833850107908
2025-01-13T15:19:08.303Z,28.4558,87.2761,10.0,4.3,mb,67.0,107.0,3.593,0.6,8.76,1.834,0.075,51.0,10.919576438077586,374.5945531775667,4.288478149965014
2025-01-13T13:14:57.314Z,28.4607,87.3323,10.0,4.3,mb,18.0,173.0,3.545,0.37,11.72,1.949,0.189,8.0,10.919576438077586,374.5945531775667,4.288478149965014
2025-01-13T12:58:22.257Z,28.4815,87.4058,10.0,5.1,mb,90.0,39.0,3.477,1.01,4.03,1.766,0.072,63.0,35.69783470233496,4003.4427384999112,4.953520920864531
2025-01-13T12:57:37.995Z,28.405,87.3079,10.0,5.0,mb,115.0,35.0,3.585,1.11,8.04,1.772,0.053,113.0,31.662801371547832,3149.5502785459616,4.875679822364176
2025-01-12T09:54:01.572Z,28.6622,87.4427,10.0,4.5,mb,58.0,132.0,3.385,0.53,10.37,1.892,0.071,58.0,15.894719573798147,793.6985977991508,4.463417222263276
2025-01-12T06:51:23.552Z,28.233,87.0041,10.0,4.1,mb,39.0,158.0,3.899,1.05,10.51,1.903,0.09,34.0,5.87173786997333,108.3136500315039,4.108474632846999
2025-01-10T22:47:36.154Z,28.3706,87.1412,10.0,4.3,mb,24.0,137.0,3.734,0.73,11.14,1.912,0.113,25.0,10.919576438077586,374.5945531775667,4.288478149965014
2025-01-09T22:58:05.072Z,28.3591,87.3545,10.0,4.3,mb,60.0,154.0,3.565,0.59,9.72,1.892,0.08,47.0,10.919576438077586,374.5945531775667,4.288478149965014
2025-01-09T17:56:20.765Z,28.5908,87.2468,10.0,4.4,mb,53.0,95.0,3.571,0.54,10.46,1.884,0.075,51.0,13.359590422338158,560.7072353058386,4.376612577921321
2025-01-09T07:28:44.991Z,28.4769,87.3601,10.0,4.4,mb,34.0,156.0,3.516,0.84,10.19,1.892,0.08,45.0,13.359590422338158,560.7072353058386,4.376612577921321
2025-01-08T18:48:22.198Z,28.5155,87.1736,10.0,4.0,mb,21.0,174.0,3.657,0.96,13.43,1.953,0.134,15.0,2.1662344698955907,14.742149025978918,4.016740240475781
2025-01-08T15:54:26.628Z,28.5177,87.2838,10.0,4.2,mb,30.0,97.0,3.565,0.84,8.14,1.926,0.101,27.0,8.486570187601345,226.26338883957507,4.199076760127543
2025-01-08T11:04:44.590Z,28.1006,87.2618,10.0,4.2,mb,39.0,159.0,3.746,0.97,10.6,1.929,0.095,31.0,8.486570187601345,226.26338883957507,4.199076760127543
2025-01-08T07:08:53.950Z,28.9617,87.4953,10.0,4.2,mb,36.0,155.0,3.256,0.89,10.86,1.909,0.106,25.0,8.486570187601345,226.26338883957507,4.199076760127543
2025-01-08T03:51:21.676Z,28.4359,87.3648,10.0,5.0,mb,133.0,39.0,3.527,0.81,8.4,1.839,0.05,127.0,31.662801371547832,3149.5502785459616,4.875679822364176
2025-01-08T01:43:42.281Z,28.3995,87.2967,10.0,4.2,mb,39.0,101.0,3.597,0.98,6.83,1.801,0.083,40.0,8.486570187601345,226.26338883957507,4.199076760127543
2025-01-08T01:28:08.865Z,28.2681,87.3885,10.0,4.1,mb,40.0,161.0,3.574,0.58,10.84,1.901,0.099,28.0,5.87173786997333,108.3136500315039,4.108474632846999
2025-01-08T00:08:19.912Z,28.753,87.234,10.0,4.1,mb,28.0,158.0,3.532,0.71,6.4,1.895,0.101,27.0,5.87173786997333,108.3136500315039,4.108474632846999
2025-01-07T19:52:52.207Z,28.7108,87.3437,10.0,4.5,mb,78.0,129.0,3.452,0.98,9.88,1.85,0.067,66.0,15.894719573798147,793.6985977991508,4.463417222263276
2025-01-07T17:36:01.453Z,28.6137,87.2674,10.0,4.3,mb,32.0,160.0,3.546,0.99,10.78,1.892,0.111,23.0,10.919576438077586,374.5945531775667,4.288478149965014
2025-01-07T15:06:31.898Z,28.8085,87.3293,10.0,4.1,mb,46.0,152.0,3.436,0.62,11.17,1.93,0.079,49.0,5.87173786997333,108.3136500315039,4.108474632846999
2025-01-07T14:04:11.394Z,28.5578,87.335,10.0,4.3,mb,61.0,152.0,3.509,0.49,9.71,1.84,0.068,65.0,10.919576438077586,374.5945531775667,4.288478149965014
2025-01-07T13:29:35.125Z,28.5993,87.2148,10.0,4.6,mb,126.0,49.0,3.595,0.52,8.42,1.626,0.049,125.0,18.581626128585935,1084.7191512713061,4.548833850107908
2025-01-07T13:07:39.770Z,28.7491,87.5188,10.0,4.1,mb,41.0,155.0,3.294,0.83,9.26,1.911,0.076,47.0,5.87173786997333,108.3136500315039,4.108474632846999
2025-01-07T12:22:15.965Z,28.2839,87.2233,10.0,4.2,mb,37.0,104.0,3.701,0.61,8.91,1.584,0.08,44.0,8.486570187601345,226.26338883957507,4.199076760127543
2025-01-07T07:54:10.361Z,28.5853,87.4505,10.0,4.4,mb,57.0,91.0,3.404,1.14,9.74,1.902,0.082,43.0,13.359590422338158,560.7072353058386,4.376612577921321
2025-01-07T06:25:37.143Z,28.4779,87.4671,10.0,4.0,mb,38.0,164.0,3.428,0.88,10.1,1.93,0.096,29.0,2.1662344698955907,14.742149025978918,4.016740240475781
2025-01-07T05:57:16.316Z,28.8918,87.5814,10.0,4.6,mb,80.0,87.0,3.201,1.09,9.04,1.818,0.069,63.0,18.581626128585935,1084.7191512713061,4.548833850107908
2025-01-07T04:59:31.942Z,28.1957,87.1543,10.0,4.1,mb,19.0,175.0,3.792,1.04,15.05,1.951,0.145,13.0,5.87173786997333,108.3136500315039,4.108474632846999
2025-01-07T04:58:52.838Z,28.635,87.1452,10.0,4.1,mb,11.0,178.0,3.642,0.25,10.59,1.925,0.174,9.0,5.87173786997333,108.3136500315039,4.108474632846999
2025-01-07T04:34:18.602Z,28.7006,87.3172,10.0,4.0,mb,14.0,184.0,3.478,0.54,7.42,1.955,0.156,11.0,2.1662344698955907,14.742149025978918,4.016740240475781
2025-01-07T03:57:59.624Z,28.6419,87.2925,10.0,4.2,mb,22.0,169.0,3.516,0.73,13.85,1.942,0.141,14.0,8.486570187601345,226.26338883957507,4.199076760127543
2025-01-07T03:52:43.923Z,28.9296,87.5006,10.0,4.2,mb,38.0,163.0,3.26,0.51,7.98,1.924,0.102,27.0,8.486570187601345,226.26338883957507,4.199076760127543
2025-01-07T03:45:54.911Z,28.6558,87.3207,10.0,4.5,mb,93.0,46.0,3.489,0.45,9.54,1.859,0.057,91.0,15.894719573798147,793.6985977991508,4.463417222263276
2025-01-07T03:41:11.608Z,28.908,87.4268,10.0,4.4,mb,56.0,142.0,3.328,0.49,10.52,1.897,0.075,51.0,13.359590422338158,560.7072353058386,4.376612577921321
2025-01-07T03:27:31.787Z,29.0441,87.3622,10.0,4.4,mb,50.0,153.0,3.351,0.75,11.25,1.912,0.075,52.0,13.359590422338158,560.7072353058386,4.376612577921321
2025-01-07T03:19:33.899Z,28.7212,87.2266,10.0,4.3,mb,35.0,159.0,3.548,0.73,11.35,1.936,0.091,34.0,10.919576438077586,374.5945531775667,4.288478149965014
2025-01-07T03:17:53.208Z,28.8938,87.2163,10.0,4.4,mb,19.0,175.0,3.51,0.88,13.16,1.988,0.154,12.0,13.359590422338158,560.7072353058386,4.376612577921321
2025-01-07T03:12:04.183Z,29.0157,87.5058,10.0,4.2,mb,25.0,163.0,3.235,0.86,12.71,1.409,0.11,23.0,8.486570187601345,226.26338883957507,4.199076760127543
2025-01-07T02:41:18.704Z,28.6698,87.2342,10.0,4.2,mb,18.0,162.0,3.556,0.48,12.17,1.933,0.136,15.0,8.486570187601345,226.26338883957507,4.199076760127543
2025-01-07T02:34:51.074Z,28.5677,87.3881,10.0,4.4,mb,46.0,97.0,3.461,0.57,10.06,1.909,0.082,43.0,13.359590422338158,560.7072353058386,4.376612577921321
2025-01-07T02:32:41.313Z,28.4666,87.2878,10.0,4.2,mb,33.0,164.0,3.579,0.81,12.61,1.93,0.091,34.0,8.486570187601345,226.26338883957507,4.199076760127543
2025-01-07T02:27:38.392Z,28.3017,87.1134,10.0,4.5,mb,35.0,170.0,3.783,0.81,6.85,1.91,0.103,28.0,15.894719573798147,793.6985977991508,4.463417222263276
2025-01-07T02:27:26.572Z,28.2665,87.1579,10.0,4.0,mb,23.0,96.0,3.761,1.26,9.92,1.934,0.111,22.0,2.1662344698955907,14.742149025978918,4.016740240475781
2025-01-07T02:22:44.323Z,28.6661,87.2813,10.0,4.3,mb,48.0,150.0,3.518,0.71,11.5,1.896,0.078,46.0,10.919576438077586,374.5945531775667,4.288478149965014
2025-01-07T02:04:08.881Z,28.7346,87.2482,10.0,4.2,mb,24.0,172.0,3.526,0.95,13.88,1.947,0.121,19.0,8.486570187601345,226.26338883957507,4.199076760127543
2025-01-07T02:02:14.334Z,28.6155,87.2212,10.0,4.1,mb,24.0,164.0,3.584,0.77,12.57,1.932,0.145,13.0,5.87173786997333,108.3136500315039,4.108474632846999
2025-01-07T02:01:06.777Z,28.7477,87.3101,10.0,4.5,mb,65.0,83.0,3.47,0.8,9.87,1.873,0.077,49.0,15.894719573798147,793.6985977991508,4.463417222263276
2025-01-07T01:59:48.239Z,28.779,87.3465,10.0,4.6,mb,75.0,97.0,3.43,0.77,9.96,1.888,0.061,80.0,18.581626128585935,1084.7191512713061,4.548833850107908
2025-01-07T01:43:49.062Z,28.3885,87.2633,10.0,4.9,mb,96.0,93.0,3.628,0.72,6.38,1.869,0.058,94.0,27.96917822733938,2457.589175414405,4.796266326866449
2025-01-07T01:37:13.647Z,28.7969,87.2321,10.0,5.0,mb,88.0,44.0,3.522,0.68,9.31,1.802,0.062,82.0,31.662801371547832,3149.5502785459616,4.875679822364176
2025-01-07T01:35:02.357Z,28.7174,87.4436,10.0,4.2,mb,27.0,160.0,3.367,0.53,12.04,1.919,0.105,25.0,8.486570187601345,226.26338883957507,4.199076760127543
2025-01-07T01:31:59.676Z,28.8053,87.608,10.0,4.9,mb,91.0,96.0,3.203,0.53,9.49,1.796,0.062,82.0,27.96917822733938,2457.589175414405,4.796266326866449
2025-01-07T01:24:25.911Z,28.4845,87.4575,10.0,5.0,mb,110.0,88.0,3.434,0.51,9.47,1.852,0.056,106.0,31.662801371547832,3149.5502785459616,4.875679822364176
2025-01-07T01:23:23.189Z,28.7964,87.2367,10.0,4.3,mb,47.0,151.0,3.518,1.03,11.59,1.918,0.094,32.0,10.919576438077586,374.5945531775667,4.288478149965014
2025-01-07T01:22:42.984Z,28.7219,87.4767,10.0,4.2,mb,29.0,160.0,3.338,0.38,12.4,1.939,0.153,12.0,8.486570187601345,226.26338883957507,4.199076760127543
2025-01-07T01:20:47.587Z,28.5147,87.1381,10.0,4.5,mb,12.0,177.0,3.686,0.78,14.37,1.959,0.271,4.0,15.894719573798147,793.6985977991508,4.463417222263276
2025-01-07T01:18:30.934Z,28.5411,87.4266,10.0,4.6,mb,39.0,106.0,3.439,0.61,8.9,1.772,0.114,23.0,18.581626128585935,1084.7191512713061,4.548833850107908
2025-01-07T01:17:24.736Z,28.3398,87.1798,10.0,4.7,mb,30.0,151.0,3.714,0.84,13.2,1.918,0.12,21.0,21.46437583000791,1447.3927759372527,4.632809991687335
2025-01-07T01:14:42.239Z,28.5282,87.356,10.0,5.2,mb,97.0,60.0,3.501,0.44,9.78,1.754,0.065,79.0,40.11024393242897,5054.29375005344,5.029779772155868
2025-01-07T01:13:27.197Z,28.4421,87.4659,10.0,5.2,mb,72.0,82.0,3.443,0.6,9.27,1.856,0.072,63.0,40.11024393242897,5054.29375005344,5.029779772155868
2025-01-07T01:10:54.880Z,28.8057,87.1343,10.0,5.2,mb,15.0,177.0,3.602,0.66,9.18,1.859,0.159,13.0,40.11024393242897,5054.29375005344,5.029779772155868
2025-01-07T01:09:13.529Z,28.7537,87.1968,10.0,5.4,mb,30.0,64.0,3.563,0.35,9.8,1.849,0.09,42.0,50.214587868455816,7921.541064995275,5.1775607725900485
2025-01-07T01:05:16.734Z,28.6036,87.3781,10.0,7.1,mww,315.0,17.0,3.458,0.56,8.15,1.74,0.039,63.0,243.66152579011404,186519.30627151774,6.220492992390403
2025-01-07T00:11:50.965Z,28.9374,87.2187,10.0,4.2,mb,30.0,218.0,3.498,0.89,14.03,1.999,0.098,29.0,8.486570187601345,226.26338883957507,4.199076760127543
2024-12-31T02:08:59.913Z,29.3582,80.9784,10.0,4.1,mb,36.0,100.0,8.849,0.5,10.87,1.904,0.107,24.0,5.87173786997333,108.3136500315039,4.108474632846999
2024-12-28T07:02:12.064Z,28.3716,86.7157,10.0,4.0,mb,13.0,188.0,4.084,0.42,12.46,1.851,0.196,7.0,2.1662344698955907,14.742149025978918,4.016740240475781
2024-12-28T06:05:48.771Z,28.2962,87.0514,10.0,4.2,mb,21.0,237.0,3.836,0.59,14.03,2.006,0.132,16.0,8.486570187601345,226.26338883957507,4.199076760127543
2024-12-20T22:29:02.221Z,29.4923,81.6099,10.0,5.0,mb,84.0,99.0,3.639,0.73,9.21,1.882,0.049,136.0,31.662801371547832,3149.5502785459616,4.875679822364176
2024-12-19T01:52:46.050Z,28.5833,84.1037,10.0,4.3,mb,21.0,158.0,1.298,0.87,6.77,1.874,0.116,21.0,10.919576438077586,374.5945531775667,4.288478149965014
2024-12-17T11:23:27.288Z,29.831,81.3883,20.081,4.4,mb,26.0,159.0,3.968,0.59,9.24,3.702,0.126,19.0,0.0,0.0,3.8456361699082264
2024-12-07T17:08:36.129Z,30.2844,80.3295,35.0,4.0,mb,38.0,118.0,4.99,0.88,8.65,1.94,0.102,28.0,0.0,0.0,2.9354144329156187
2024-11-12T08:30:35.294Z,27.4254,88.33,10.0,4.4,mb,50.0,143.0,2.733,0.79,9.58,1.871,0.09,35.0,13.359590422338158,560.7072353058386,4.376612577921321
2024-10-14T16:47:47.648Z,27.3416,86.7989,10.0,4.0,mb,19.0,158.0,1.424,0.73,10.52,1.894,0.138,14.0,2.1662344698955907,14.742149025978918,4.016740240475781
2024-10-05T03:33:19.292Z,30.5673,84.194,10.0,4.3,mb,23.0,130.0,2.916,0.99,6.66,1.878,0.142,15.0,10.919576438077586,374.5945531775667,4.288478149965014
2024-09-14T18:21:42.274Z,29.9563,82.1893,13.48,4.4,mb,28.0,83.0,3.458,0.79,9.36,4.014,0.117,22.0,9.837085760154245,304.00644294395516,4.167288123152071
2024-08-30T22:01:59.157Z,28.6347,84.3475,10.0,4.1,mb,19.0,165.0,1.169,0.44,11.3,1.92,0.119,19.0,5.87173786997333,108.3136500315039,4.108474632846999
2024-08-09T01:27:10.980Z,27.1586,88.1937,35.0,4.5,mb,68.0,77.0,2.667,0.88,8.52,1.557,0.053,108.0,0.0,0.0,3.4469848635419384
2024-08-03T16:28:40.558Z,29.9216,87.0502,10.0,4.3,mb,53.0,82.0,2.623,0.58,10.43,1.807,0.08,48.0,10.919576438077586,374.5945531775667,4.288478149965014
2024-07-18T10:05:29.140Z,29.8668,86.9588,10.0,4.4,mb,42.0,81.0,2.532,0.68,10.2,1.883,0.117,24.0,13.359590422338158,560.7072353058386,4.376612577921321
2024-07-13T22:49:33.854Z,30.0913,86.9812,10.0,4.5,mb,60.0,64.0,2.727,1.0,8.19,1.868,0.088,38.0,15.894719573798147,793.6985977991508,4.463417222263276
2024-07-10T19:49:26.988Z,29.7368,86.7891,14.586,4.1,mb,40.0,97.0,2.341,1.05,10.49,5.033,0.104,25.0,0.0,0.0,3.819309163773019
2024-05-28T01:13:06.793Z,29.7381,81.0068,26.184,4.3,mb,15.0,143.0,4.218,0.66,7.41,6.904,0.238,5.0,0.0,0.0,3.511720193586721
2024-05-26T23:02:54.073Z,30.7191,86.5185,10.0,4.4,mb,52.0,92.0,3.104,0.77,9.95,1.874,0.077,48.0,13.359590422338158,560.7072353058386,4.376612577921321
2024-03-06T04:25:08.225Z,30.4045,80.6613,10.0,4.2,mb,28.0,169.0,4.802,0.67,11.01,1.924,0.147,13.0,8.486570187601345,226.26338883957507,4.199076760127543
2024-02-26T11:29:31.815Z,29.6188,88.0921,89.466,4.4,mb,30.0,75.0,2.643,0.53,8.43,5.365,0.094,33.0,0.0,0.0,2.4040719820600027
2024-01-12T17:47:29.479Z,29.522,81.1253,22.599,4.3,mb,38.0,112.0,4.033,0.64,8.33,5.026,0.126,21.0,0.0,0.0,3.6435759003472636
2024-01-07T18:46:35.171Z,27.9221,86.6116,10.0,4.2,mb,54.0,128.0,0.181,0.64,9.4,1.902,0.086,37.0,8.486570187601345,226.26338883957507,4.199076760127543
2024-01-07T14:28:32.992Z,28.0886,86.3806,10.0,4.5,mb,39.0,106.0,1.016,0.54,5.72,1.751,0.08,46.0,15.894719573798147,793.6985977991508,4.463417222263276
2024-01-07T14:08:34.933Z,28.0794,86.4237,10.0,4.1,mb,18.0,121.0,1.05,0.51,10.64,1.95,0.109,23.0,5.87173786997333,108.3136500315039,4.108474632846999
2023-12-31T16:36:23.043Z,27.727,85.799,22.322,4.6,mb,60.0,99.0,0.466,0.55,9.97,2.373,0.064,73.0,0.0,0.0,3.9521874780095003
2023-12-04T19:04:15.283Z,27.8117,87.8388,70.467,4.4,mb,46.0,111.0,3.447,0.69,10.51,2.233,0.08,45.0,0.0,0.0,2.65519139835764
2023-11-27T22:15:46.743Z,28.6795,87.7852,74.708,4.7,mb,69.0,61.0,1.119,0.4,9.05,8.214,0.068,66.0,0.0,0.0,2.9048507073637593
2023-11-22T19:34:26.202Z,27.6889,85.1323,10.0,3.8,mb,25.0,167.0,0.171,0.96,6.26,1.888,0.141,13.0,0.0,0.0,3.8301533610239815
2023-11-20T05:52:27.597Z,29.5224,81.1707,10.0,4.4,mb,37.0,171.0,3.997,0.54,9.18,1.92,0.143,16.0,13.359590422338158,560.7072353058386,4.376612577921321
2023-11-06T10:46:39.805Z,28.8564,82.0652,10.0,5.3,mb,110.0,30.0,3.022,1.01,7.81,1.755,0.037,238.0,44.936694686307455,6343.838557890326,5.104456439181046
2023-11-03T22:31:34.600Z,28.976,82.2728,10.0,4.0,mb,36.0,114.0,2.896,0.59,9.7,1.917,0.144,13.0,2.1662344698955907,14.742149025978918,4.016740240475781
2023-11-03T18:44:39.613Z,28.8332,81.9912,10.0,4.1,mb,27.0,107.0,3.076,0.84,10.1,1.613,0.151,16.0,5.87173786997333,108.3136500315039,4.108474632846999
2023-11-03T18:02:53.465Z,28.858,82.1531,12.0,5.7,mww,232.0,21.0,2.95,0.94,5.99,1.688,0.06,27.0,68.8206203053446,14879.455476534287,5.3230846133585645
2023-10-22T11:46:45.520Z,27.8519,84.646,26.661,4.0,mb,24.0,163.0,1.92,0.24,8.1,7.286,0.113,21.0,0.0,0.0,3.190788358061746
2023-10-22T01:54:21.100Z,27.8879,84.7252,25.706,5.2,mb,101.0,29.0,1.848,0.82,5.82,4.541,0.038,230.0,32.37334138328874,3292.493503371195,4.417283197758437
2023-10-18T16:18:48.676Z,29.6681,81.357,10.0,4.5,mb,24.0,115.0,7.955,0.72,12.92,1.977,0.204,7.0,15.894719573798147,793.6985977991508,4.463417222263276
2023-10-16T03:41:40.294Z,30.0924,80.7774,10.0,4.2,mb,36.0,69.0,4.558,0.57,9.37,1.886,0.132,16.0,8.486570187601345,226.26338883957507,4.199076760127543
2023-10-12T20:06:44.075Z,29.5722,81.2129,10.0,4.4,mb,48.0,168.0,3.985,0.83,9.73,1.927,0.092,34.0,13.359590422338158,560.7072353058386,4.376612577921321
2023-10-11T18:37:21.967Z,29.5869,81.1801,10.0,4.8,mb,88.0,46.0,4.017,0.62,8.19,1.811,0.051,119.0,24.58150241840967,1898.3081813468687,4.715300054481624
2023-10-08T19:46:32.191Z,30.798,86.3755,10.0,4.4,mb,65.0,40.0,3.137,0.59,6.63,1.851,0.075,51.0,13.359590422338158,560.7072353058386,4.376612577921321
2023-10-07T06:00:01.972Z,29.5133,81.2055,10.0,5.0,mb,112.0,46.0,3.966,0.51,8.76,1.859,0.055,105.0,31.662801371547832,3149.5502785459616,4.875679822364176
2023-10-03T23:58:04.608Z,29.7245,81.2904,10.0,4.3,mb,22.0,149.0,3.992,0.48,11.99,1.947,0.177,9.0,10.919576438077586,374.5945531775667,4.288478149965014
2023-10-03T19:05:41.024Z,29.5231,81.1691,10.0,4.4,mb,24.0,169.0,3.999,0.45,5.96,1.926,0.161,11.0,13.359590422338158,560.7072353058386,4.376612577921321
2023-10-03T11:53:17.879Z,29.5106,81.1706,10.0,4.5,mb,47.0,79.0,3.992,0.38,6.85,1.672,0.088,38.0,15.894719573798147,793.6985977991508,4.463417222263276
2023-10-03T11:34:10.972Z,29.5637,81.257,10.0,4.8,mb,76.0,45.0,3.946,0.39,4.93,1.841,0.068,67.0,24.58150241840967,1898.3081813468687,4.715300054481624
2023-10-03T09:33:05.019Z,29.3074,81.1092,10.0,4.2,mb,20.0,134.0,3.963,0.79,13.41,1.945,0.167,10.0,8.486570187601345,226.26338883957507,4.199076760127543
2023-10-03T09:28:43.898Z,29.2397,81.2051,10.0,4.8,mb,80.0,81.0,3.861,0.28,8.06,1.815,0.07,64.0,24.58150241840967,1898.3081813468687,4.715300054481624
2023-10-03T09:21:03.018Z,29.4973,81.242,13.0,5.7,mww,226.0,23.0,3.93,0.33,4.47,1.784,0.052,36.0,68.63874838028742,14800.915660194541,5.289919140324908
2023-10-03T08:55:50.480Z,29.459,81.2188,10.0,4.9,mb,83.0,49.0,3.933,0.59,7.34,1.76,0.059,91.0,27.96917822733938,2457.589175414405,4.796266326866449
2023-08-18T17:49:38.408Z,28.2888,87.1512,79.496,4.3,mb,56.0,79.0,1.725,0.52,7.89,6.429,0.075,57.0,0.0,0.0,2.425936817693819
2023-08-05T20:04:11.934Z,30.2183,80.7013,10.0,4.3,mb,50.0,145.0,4.677,0.43,6.21,1.894,0.108,24.0,10.919576438077586,374.5945531775667,4.288478149965014
2023-06-12T01:53:56.728Z,29.71,81.5777,27.16,4.3,mb,17.0,179.0,3.766,0.41,11.37,7.127,0.217,6.0,0.0,0.0,3.4784455461258434
2023-05-23T22:21:48.564Z,29.6551,81.2484,10.0,4.3,mb,47.0,150.0,3.993,0.57,9.65,1.914,0.104,26.0,10.919576438077586,374.5945531775667,4.288478149965014
2023-05-06T08:01:03.160Z,28.9028,86.6245,42.645,4.3,mb,34.0,97.0,1.617,0.67,6.04,10.959,0.104,26.0,0.0,0.0,3.053922996320339
2023-04-27T19:45:53.627Z,29.6212,81.5483,10.0,5.1,mb,75.0,59.0,3.746,0.72,8.55,1.816,0.037,241.0,35.69783470233496,4003.4427384999112,4.953520920864531
2023-04-27T18:13:51.853Z,29.5729,81.5302,10.0,4.5,mb,78.0,167.0,4.907,0.68,10.23,1.868,0.075,52.0,15.894719573798147,793.6985977991508,4.463417222263276
2023-04-12T00:05:08.100Z,26.0018,87.3828,10.0,4.0,mb,38.0,97.0,2.015,0.6,8.95,1.917,0.089,34.0,2.1662344698955907,14.742149025978918,4.016740240475781
2023-04-08T14:44:49.140Z,28.6582,86.7146,68.028,4.3,mb,28.0,96.0,0.702,0.43,9.5,9.219,0.109,24.0,0.0,0.0,2.5880218032698963
2023-04-01T05:42:20.397Z,27.6685,86.1761,10.0,4.5,mb,37.0,84.0,0.806,0.62,6.89,1.919,0.086,40.0,15.894719573798147,793.6985977991508,4.463417222263276
2023-03-24T04:06:24.411Z,29.6326,81.828,30.882,4.2,mb,23.0,171.0,3.538,0.8,13.44,7.587,0.152,12.0,0.0,0.0,3.258323553840577
2023-03-02T08:12:56.235Z,28.3307,87.3045,10.0,4.0,mb,28.0,106.0,0.572,0.38,2.61,1.905,0.119,19.0,2.1662344698955907,14.742149025978918,4.016740240475781
2023-02-26T07:06:04.699Z,29.7352,81.127,10.0,4.3,mb,18.0,154.0,4.123,0.43,9.8,1.938,0.188,12.0,10.919576438077586,374.5945531775667,4.288478149965014
2023-02-22T08:00:22.588Z,29.6254,81.5737,20.937,4.8,mb,77.0,52.0,3.728,0.73,9.15,4.447,0.064,76.0,16.306204099859677,835.325271652906,4.200835868406474
2023-02-12T22:45:05.505Z,27.986,88.0003,60.903,4.0,mb,40.0,66.0,2.416,0.81,9.32,9.377,0.102,26.0,0.0,0.0,2.3905506353221493
2023-01-24T08:58:33.123Z,29.5825,81.6638,33.11,5.4,mww,127.0,39.0,3.639,0.75,7.63,3.669,0.098,10.0,39.05422812960039,4791.6599546588,4.397595139008512
2022-12-27T20:22:03.128Z,28.4898,83.1553,18.597,4.6,mb,119.0,58.0,1.997,0.52,8.13,3.731,0.054,117.0,9.971380074119505,312.3635956601674,4.10481702107182
2022-12-27T19:38:12.218Z,28.926,83.6137,24.596,4.0,mb,36.0,85.0,1.847,0.63,9.89,5.7,0.106,30.0,0.0,0.0,3.264814131866236
2022-12-23T01:31:21.071Z,28.4999,83.1015,10.0,4.5,mb,27.0,100.0,2.045,0.65,10.66,1.894,0.14,15.0,15.894719573798147,793.6985977991508,4.463417222263276
2022-12-23T01:30:55.904Z,28.5471,83.0809,10.0,4.2,mb,21.0,134.0,2.078,0.96,11.51,1.938,0.187,9.0,8.486570187601345,226.26338883957507,4.199076760127543
2022-11-12T14:27:05.131Z,29.3523,81.1777,10.0,5.2,mww,87.0,46.0,3.924,0.54,8.58,1.808,0.098,10.0,40.11024393242897,5054.29375005344,5.029779772155868
2022-11-09T23:28:02.358Z,29.352,81.1564,10.0,4.3,mb,30.0,187.0,3.942,0.29,10.26,1.953,0.154,12.0,10.919576438077586,374.5945531775667,4.288478149965014
2022-11-09T00:57:14.321Z,29.9803,80.2903,22.974,4.4,mb,22.0,166.0,4.884,0.63,9.97,6.418,0.117,21.0,0.0,0.0,3.7289588713796036
2022-11-08T20:27:22.316Z,29.2917,81.1593,11.0,5.7,mww,268.0,13.0,3.917,0.69,6.94,1.653,0.057,30.0,68.98751901041528,14951.712107566851,5.3557612166265205
2022-11-08T15:22:35.973Z,29.3448,81.1922,10.0,4.7,mb,55.0,80.0,3.91,0.67,8.65,1.834,0.088,42.0,21.46437583000791,1447.3927759372527,4.632809991687335
2022-11-07T23:07:22.073Z,28.9207,86.6701,10.0,4.2,mb,45.0,66.0,0.967,0.91,7.51,1.886,0.093,32.0,8.486570187601345,226.26338883957507,4.199076760127543
2022-11-06T16:28:40.298Z,27.9764,88.2153,10.0,4.0,mb,27.0,66.0,1.242,0.52,9.6,1.911,0.143,13.0,2.1662344698955907,14.742149025978918,4.016740240475781
2022-10-30T03:41:50.868Z,29.5573,81.0921,10.0,4.5,mb,26.0,168.0,4.074,0.61,8.9,1.689,0.164,11.0,15.894719573798147,793.6985977991508,4.463417222263276
2022-10-19T10:08:35.308Z,27.8248,86.0362,22.2,4.2,mb,10.0,71.0,0.671,0.9,5.95,5.963,0.159,11.0,0.0,0.0,3.559163255361517
2022-10-19T09:22:40.123Z,27.894,86.0386,23.943,4.9,mb,51.0,56.0,0.679,0.74,6.4,5.545,0.076,54.0,17.578614328571952,970.7762627713533,4.186377123898159
2022-08-19T19:42:42.048Z,28.0619,81.1968,10.0,4.9,mb,114.0,80.0,3.621,0.73,8.51,1.804,0.057,103.0,27.96917822733938,2457.589175414405,4.796266326866449
2022-08-05T23:41:04.059Z,27.7936,84.9833,10.0,4.4,mb,42.0,89.0,0.262,0.72,7.46,1.901,0.096,31.0,13.359590422338158,560.7072353058386,4.376612577921321
2022-07-31T02:28:08.777Z,27.1316,86.7827,10.0,5.1,mb,106.0,51.0,1.493,0.7,6.84,1.776,0.037,232.0,35.69783470233496,4003.4427384999112,4.953520920864531
2022-07-25T00:22:09.402Z,27.8961,85.5825,10.0,4.3,mb,55.0,55.0,0.285,0.63,5.95,1.88,0.085,39.0,10.919576438077586,374.5945531775667,4.288478149965014
2022-07-10T14:04:39.640Z,29.6405,80.8736,10.0,4.2,mb,29.0,166.0,4.281,0.5,11.5,1.9,0.141,14.0,8.486570187601345,226.26338883957507,4.199076760127543
2022-06-22T22:11:46.712Z,28.3742,83.8247,10.0,4.6,mb,97.0,44.0,1.406,0.46,8.1,1.8,0.061,81.0,18.581626128585935,1084.7191512713061,4.548833850107908
2022-06-10T20:51:21.586Z,27.7199,85.4181,15.03,3.6,mb,19.0,155.0,0.146,0.73,6.0,5.6,0.151,12.0,0.0,0.0,3.30048270390724
2022-05-21T02:45:09.223Z,28.2186,86.2888,70.83,4.2,mb,22.0,101.0,0.529,1.16,11.9,8.5,0.159,12.0,0.0,0.0,2.442825723600996
2022-05-11T04:33:11.628Z,29.9682,80.4219,33.06,4.9,mb,59.0,100.0,4.775,0.4,8.2,3.9,0.044,163.0,0.0,0.0,3.9039271736725385
2022-04-09T18:38:37.466Z,28.8085,86.5315,10.0,4.2,mb,,71.0,1.493,0.56,5.4,1.6,0.081,49.0,8.486570187601345,226.26338883957507,4.199076760127543
2022-01-24T19:38:59.306Z,29.9803,80.3548,10.0,4.0,mb,,129.0,4.833,0.81,9.5,1.9,0.106,24.0,2.1662344698955907,14.742149025978918,4.016740240475781
2022-01-13T03:13:54.822Z,28.8094,87.6854,10.0,4.1,mb,,111.0,2.348,0.71,12.1,1.9,0.198,7.0,5.87173786997333,108.3136500315039,4.108474632846999
2022-01-06T18:29:13.484Z,27.8305,82.8074,10.0,4.4,mb,,105.0,2.189,1.08,7.8,2.0,0.101,28.0,13.359590422338158,560.7072353058386,4.376612577921321
2021-12-29T19:08:19.232Z,29.9056,80.3449,10.0,4.5,mb,,152.0,4.809,0.65,9.0,1.9,0.098,30.0,15.894719573798147,793.6985977991508,4.463417222263276
2021-12-18T00:29:25.240Z,28.5625,87.5592,10.0,4.0,mb,,123.0,2.151,1.04,11.2,1.9,0.122,18.0,2.1662344698955907,14.742149025978918,4.016740240475781
2021-12-08T04:23:25.024Z,28.8093,87.5826,41.26,4.2,mb,,145.0,4.991,0.59,10.5,5.7,0.146,13.0,0.0,0.0,2.9830586491229827
2021-11-07T16:20:46.399Z,27.271,88.7826,10.0,4.6,mb,,76.0,1.878,0.66,6.7,1.8,0.059,89.0,18.581626128585935,1084.7191512713061,4.548833850107908
2021-11-05T01:48:32.008Z,28.8267,87.4455,10.0,5.0,mb,,139.0,5.095,0.92,7.5,1.8,0.049,137.0,31.662801371547832,3149.5502785459616,4.875679822364176
2021-10-18T10:32:14.377Z,28.7052,87.2852,10.0,4.7,mb,,158.0,5.133,0.82,10.3,1.9,0.088,39.0,21.46437583000791,1447.3927759372527,4.632809991687335
2021-10-18T08:11:56.258Z,27.8507,85.7193,10.0,4.2,mb,,102.0,0.972,0.57,5.8,1.9,0.099,28.0,8.486570187601345,226.26338883957507,4.199076760127543
2021-10-18T08:01:37.426Z,27.901,85.8004,10.0,4.3,mb,,93.0,5.892,0.58,9.5,1.7,0.091,35.0,10.919576438077586,374.5945531775667,4.288478149965014
2021-10-15T10:35:42.737Z,28.9582,87.6528,10.0,4.1,mb,,98.0,1.241,1.33,8.1,1.9,0.185,8.0,5.87173786997333,108.3136500315039,4.108474632846999
2021-10-01T07:09:27.899Z,27.694,86.111,10.0,4.5,mb,,115.0,0.674,0.82,6.2,1.4,0.205,9.0,15.894719573798147,793.6985977991508,4.463417222263276
2021-09-12T14:56:15.922Z,27.4834,85.9978,10.0,4.4,mb,,154.0,8.149,0.52,8.5,1.9,0.219,7.0,13.359590422338158,560.7072353058386,4.376612577921321
2021-07-25T15:09:21.630Z,27.3429,88.3092,10.0,4.5,mb,,79.0,3.417,0.69,4.9,1.9,0.068,65.0,15.894719573798147,793.6985977991508,4.463417222263276
2021-06-21T10:06:50.953Z,29.2822,87.124,10.0,4.3,mb,,102.0,1.347,0.63,7.2,1.9,0.132,16.0,10.919576438077586,374.5945531775667,4.288478149965014
2021-05-25T20:46:06.127Z,28.9684,86.3755,10.0,4.5,mb,,66.0,1.076,0.53,6.3,1.8,0.058,98.0,15.894719573798147,793.6985977991508,4.463417222263276
2021-05-19T16:54:29.784Z,28.2544,84.3876,10.0,4.5,mb,,158.0,2.161,0.7,9.6,1.9,0.082,44.0,15.894719573798147,793.6985977991508,4.463417222263276
2021-05-19T02:41:38.847Z,28.3088,84.3042,10.0,4.9,mb,,40.0,2.241,0.53,8.3,1.9,0.052,114.0,27.96917822733938,2457.589175414405,4.796266326866449
2021-05-18T23:57:58.646Z,28.2785,84.3373,10.0,5.3,mb,,36.0,2.208,0.93,3.4,1.7,0.034,290.0,44.936694686307455,6343.838557890326,5.104456439181046
2021-04-22T03:08:52.099Z,30.3858,87.1751,10.0,4.1,mb,,130.0,3.493,0.73,11.3,1.9,0.233,5.0,5.87173786997333,108.3136500315039,4.108474632846999
2021-04-06T01:36:55.618Z,26.8176,88.7828,10.0,3.9,mb,,164.0,2.088,0.56,7.3,1.9,0.137,14.0,0.0,0.0,3.9239432159839214
2021-04-05T15:19:57.976Z,27.1863,88.9412,10.0,5.2,mb,,45.0,2.04,0.66,7.0,1.7,0.053,118.0,40.11024393242897,5054.29375005344,5.029779772155868
2021-03-16T13:16:08.835Z,30.1485,86.3698,10.0,4.6,mb,,145.0,6.663,0.53,10.3,1.9,0.082,47.0,18.581626128585935,1084.7191512713061,4.548833850107908
2021-02-27T20:03:45.862Z,28.8397,86.469,15.43,4.1,mb,,134.0,0.928,0.75,8.2,5.0,0.111,22.0,0.0,0.0,3.77299295192414
2021-02-09T01:50:07.207Z,28.0331,87.8568,35.0,4.3,mb,,146.0,4.336,0.65,9.9,2.0,0.087,38.0,0.0,0.0,3.242931080268591
2021-02-04T05:06:23.654Z,28.7463,87.3785,10.0,5.1,mb,,64.0,0.93,0.47,6.0,1.8,0.048,140.0,35.69783470233496,4003.4427384999112,4.953520920864531
2021-02-02T16:14:13.363Z,28.8039,84.0135,29.41,4.5,mb,,126.0,2.605,0.62,8.6,4.7,0.082,44.0,0.0,0.0,3.6079886603750944
2021-02-02T02:31:13.845Z,28.8225,87.362,8.7,5.0,mww,,64.0,3.404,0.58,7.7,3.5,0.086,13.0,32.04439093966511,3225.9223959547294,4.940005200901245
2021-01-11T13:59:49.235Z,28.028,87.7888,35.0,4.1,mb,,175.0,3.37,0.47,9.5,2.0,0.185,10.0,0.0,0.0,3.0380848756163252
2020-11-23T13:41:45.202Z,28.5808,87.2271,10.0,4.4,mb,,85.0,0.72,0.42,7.1,1.9,0.097,31.0,13.359590422338158,560.7072353058386,4.376612577921321
2020-11-23T13:36:04.648Z,27.5457,87.0358,27.68,4.5,mb,,125.0,0.456,0.91,8.4,8.4,0.204,9.0,0.0,0.0,3.6630347997047012
2020-11-21T21:49:21.520Z,30.1884,88.1002,10.0,4.5,mb,,65.0,2.491,0.64,5.9,1.5,0.101,29.0,15.894719573798147,793.6985977991508,4.463417222263276
2020-11-08T21:44:14.394Z,27.7299,87.7713,10.0,4.1,mb,,163.0,3.542,0.76,7.9,1.9,0.165,10.0,5.87173786997333,108.3136500315039,4.108474632846999
2020-10-28T18:34:26.731Z,29.4069,80.8988,10.0,4.2,mb,,176.0,5.391,1.14,13.4,1.9,0.167,10.0,8.486570187601345,226.26338883957507,4.199076760127543
2020-09-15T23:34:03.386Z,27.8464,85.8765,10.0,5.3,mb,,39.0,0.835,0.85,5.6,1.8,0.033,309.0,44.936694686307455,6343.838557890326,5.104456439181046
2020-09-11T03:45:52.880Z,27.2464,87.7715,10.0,4.4,mb,,129.0,1.108,0.78,8.3,1.9,0.095,32.0,13.359590422338158,560.7072353058386,4.376612577921321
2020-08-25T15:24:34.342Z,29.556,80.9299,10.0,4.3,mb,,169.0,5.403,0.79,7.4,1.8,0.133,16.0,10.919576438077586,374.5945531775667,4.288478149965014
2020-08-23T17:07:43.232Z,30.3934,87.5035,10.0,4.5,mb,,51.0,2.5,0.99,7.8,1.9,0.079,47.0,15.894719573798147,793.6985977991508,4.463417222263276
2020-07-29T20:54:26.858Z,28.4107,88.3259,10.0,4.1,mb,,113.0,1.41,1.24,8.9,1.9,0.13,16.0,5.87173786997333,108.3136500315039,4.108474632846999
2020-07-24T19:46:04.694Z,30.4782,87.4178,10.0,4.3,mb,,50.0,2.565,0.66,5.1,1.9,0.077,54.0,10.919576438077586,374.5945531775667,4.288478149965014
2020-05-30T15:51:39.617Z,27.8896,84.8784,10.0,4.3,mb,,175.0,1.712,0.51,6.5,1.9,0.102,27.0,10.919576438077586,374.5945531775667,4.288478149965014
2020-05-12T18:08:38.863Z,27.7046,86.0378,10.0,4.9,mb,,42.0,4.893,0.81,7.8,1.8,0.041,202.0,27.96917822733938,2457.589175414405,4.796266326866449
2020-03-24T23:39:29.603Z,28.6107,87.2197,10.0,4.0,mb,,75.0,0.742,0.84,4.5,1.7,0.126,17.0,2.1662344698955907,14.742149025978918,4.016740240475781
2020-03-20T01:33:15.443Z,28.5896,87.3081,10.0,5.7,mww,,18.0,0.766,1.02,5.7,1.7,0.063,24.0,69.1395529289307,15017.685553292238,5.3876752963648995
2020-03-15T15:00:17.383Z,28.2184,83.5923,10.0,4.3,mb,,149.0,2.856,0.94,9.9,1.9,0.08,44.0,10.919576438077586,374.5945531775667,4.288478149965014
2020-01-12T20:22:02.782Z,29.4841,81.5921,10.0,4.3,mb,,77.0,8.225,1.32,9.6,1.9,0.137,15.0,10.919576438077586,374.5945531775667,4.288478149965014
2020-01-12T14:34:14.825Z,29.4848,81.705,10.0,4.4,mb,,160.0,8.308,0.58,10.8,1.9,0.089,36.0,13.359590422338158,560.7072353058386,4.376612577921321
2020-01-05T13:16:52.055Z,30.3664,85.5587,10.0,4.3,mb,,172.0,4.873,0.68,12.7,1.9,0.116,21.0,10.919576438077586,374.5945531775667,4.288478149965014
2020-01-05T13:14:02.142Z,29.9815,85.4049,10.0,4.4,mb,,136.0,4.978,0.45,10.6,1.7,0.101,28.0,13.359590422338158,560.7072353058386,4.376612577921321
2019-12-12T13:26:31.828Z,27.9194,85.7168,10.0,4.2,mb,,147.0,0.969,1.18,8.1,1.9,0.098,29.0,8.486570187601345,226.26338883957507,4.199076760127543
2019-11-28T01:40:04.336Z,30.4965,84.2884,15.1,4.6,mb,,91.0,3.355,0.97,8.6,4.2,0.084,42.0,14.739973866413319,682.5638756852771,4.268456992479478
2019-11-27T16:23:31.706Z,27.7986,85.8214,10.0,4.6,mb,,96.0,0.891,0.69,6.1,1.8,0.068,65.0,18.581626128585935,1084.7191512713061,4.548833850107908
2019-11-27T00:18:32.422Z,28.1658,87.8728,64.65,4.4,mb,,105.0,0.96,0.58,3.0,6.5,0.075,52.0,0.0,0.0,2.743637654328536
2019-11-19T13:30:55.900Z,29.3228,81.1433,10.0,5.0,mww,,33.0,5.163,0.63,7.9,1.8,0.103,9.0,31.662801371547832,3149.5502785459616,4.875679822364176
2019-11-12T02:00:26.426Z,30.0659,80.2927,10.0,4.3,mb,,94.0,6.082,0.51,8.7,1.9,0.113,22.0,10.919576438077586,374.5945531775667,4.288478149965014
2019-10-26T10:54:09.937Z,30.5449,87.3847,10.44,4.0,mb,,88.0,2.625,0.52,7.7,4.4,0.113,21.0,0.0,0.0,3.9851629290769304
2019-09-28T04:58:27.168Z,30.026,81.5319,10.0,4.4,mb,,183.0,7.903,0.82,5.8,2.0,0.268,4.0,13.359590422338158,560.7072353058386,4.376612577921321
2019-09-26T13:04:21.563Z,28.0869,84.4371,10.0,4.4,mb,,177.0,6.082,0.8,11.5,1.9,0.101,28.0,13.359590422338158,560.7072353058386,4.376612577921321
2019-09-22T16:17:01.966Z,28.4605,84.3309,18.23,4.5,mb,,148.0,6.075,1.06,11.8,5.1,0.164,11.0,4.506574123398166,63.80326597193875,4.024476806448441
2019-09-16T14:33:25.773Z,29.691,80.7419,10.0,4.5,mb,,165.0,5.597,0.47,8.9,1.8,0.151,13.0,15.894719573798147,793.6985977991508,4.463417222263276
2019-08-27T09:57:51.030Z,28.9012,86.4476,10.0,4.5,mb,,88.0,0.992,1.18,4.3,1.9,0.094,33.0,15.894719573798147,793.6985977991508,4.463417222263276
2019-08-24T05:50:08.536Z,30.6928,87.8718,10.0,4.1,mb,,90.0,2.877,0.37,6.8,1.9,0.135,15.0,5.87173786997333,108.3136500315039,4.108474632846999
2019-08-09T12:41:13.913Z,28.4321,83.3273,10.0,4.4,mb,,101.0,8.124,0.57,11.5,1.9,0.13,17.0,13.359590422338158,560.7072353058386,4.376612577921321
2019-06-17T17:58:20.595Z,28.4217,87.173,84.75,4.6,mb,,136.0,0.56,0.87,10.3,9.4,0.09,37.0,0.0,0.0,2.669021206434772
2019-05-26T02:09:27.242Z,30.3347,87.5686,10.0,4.8,mb,,66.0,2.458,1.26,6.9,1.8,0.045,154.0,24.58150241840967,1898.3081813468687,4.715300054481624
2019-05-26T01:44:55.302Z,30.3288,87.661,10.0,4.7,mb,,51.0,2.475,1.34,8.4,1.9,0.06,84.0,21.46437583000791,1447.3927759372527,4.632809991687335
2019-05-25T15:23:59.917Z,29.5741,81.4056,49.39,4.0,mb,,219.0,5.011,0.99,13.8,21.5,0.164,10.0,0.0,0.0,2.600751898029384
2019-05-25T05:17:24.276Z,27.6468,86.3425,10.0,4.5,mb,,147.0,4.676,0.64,9.8,1.9,0.075,52.0,15.894719573798147,793.6985977991508,4.463417222263276
2019-05-17T08:23:37.430Z,27.9487,84.7453,10.0,4.7,mb,,167.0,1.828,0.98,9.1,1.9,0.083,44.0,21.46437583000791,1447.3927759372527,4.632809991687335
2019-05-11T18:51:01.960Z,28.8684,81.5715,31.28,4.5,mb,,82.0,4.703,0.74,7.7,3.8,0.062,77.0,0.0,0.0,3.5514486453021923
2019-04-30T09:31:56.888Z,29.533,85.3709,10.0,4.2,mb,,153.0,2.015,0.66,10.0,1.9,0.093,32.0,8.486570187601345,226.26338883957507,4.199076760127543
2019-04-24T00:44:31.986Z,27.7651,85.0667,27.34,4.7,mb,,47.0,1.556,0.71,7.0,3.7,0.043,165.0,0.0,0.0,3.874442617006816
2019-04-14T22:42:42.875Z,29.5192,81.2864,10.0,4.0,mb,,180.0,5.094,1.06,11.0,1.9,0.173,9.0,2.1662344698955907,14.742149025978918,4.016740240475781
2019-04-12T09:27:50.400Z,30.1742,87.4938,10.0,4.5,mb,,76.0,3.188,0.9,6.2,1.8,0.062,77.0,15.894719573798147,793.6985977991508,4.463417222263276
2019-03-06T00:45:51.040Z,30.1682,87.368,10.0,4.1,mb,,141.0,3.295,1.24,10.5,1.9,0.106,24.0,5.87173786997333,108.3136500315039,4.108474632846999
2019-02-07T05:35:48.490Z,29.2915,87.2699,10.0,4.2,mb,,65.0,3.387,0.97,6.7,1.9,0.09,34.0,8.486570187601345,226.26338883957507,4.199076760127543
2019-02-06T13:30:27.060Z,29.2611,87.2216,10.0,4.1,mb,,136.0,3.433,1.16,10.2,1.9,0.094,31.0,5.87173786997333,108.3136500315039,4.108474632846999
2019-01-22T16:45:15.580Z,27.2579,86.9202,10.0,4.3,mb,,162.0,0.704,0.58,5.9,1.9,0.104,26.0,10.919576438077586,374.5945531775667,4.288478149965014
2019-01-20T15:06:39.170Z,30.3859,87.6754,9.97,4.7,mb,,83.0,2.533,0.72,6.4,3.6,0.067,67.0,21.478326977952165,1449.2749040960182,4.634528675555067
2019-01-20T14:28:30.290Z,30.3908,87.6229,9.85,5.2,mb,,37.0,6.09,0.67,7.8,3.2,0.038,233.0,40.147343228649085,5063.647842179505,5.036400511249984
2019-01-16T23:56:11.120Z,27.0774,88.9007,10.0,3.8,mb,,161.0,2.052,0.58,7.5,2.0,0.192,7.0,0.0,0.0,3.8301533610239815
2018-12-24T18:40:40.380Z,30.2227,87.4245,10.0,4.2,mb,,96.0,2.318,1.2,6.7,1.9,0.11,23.0,8.486570187601345,226.26338883957507,4.199076760127543
2018-12-23T19:36:56.920Z,30.1798,87.4547,10.0,4.9,mb,,93.0,2.283,1.21,8.9,1.9,0.12,22.0,27.96917822733938,2457.589175414405,4.796266326866449
2018-12-23T19:35:20.200Z,30.4684,86.7946,10.0,5.0,mb,,110.0,2.501,1.44,7.6,2.0,0.133,18.0,31.662801371547832,3149.5502785459616,4.875679822364176
2018-12-23T19:32:22.060Z,30.4079,87.62,10.0,5.8,mww,,32.0,2.54,1.18,2.6,1.7,0.061,26.0,76.60712102929602,18436.91084419752,5.454766161289344
2018-12-22T23:21:54.860Z,27.7764,85.5548,10.0,4.1,mb,,172.0,5.255,0.51,10.8,1.9,0.096,30.0,5.87173786997333,108.3136500315039,4.108474632846999
2018-11-28T06:28:18.620Z,30.488,87.8361,10.0,4.1,mb,,88.0,2.674,1.29,8.7,1.9,0.174,9.0,5.87173786997333,108.3136500315039,4.108474632846999
2018-11-11T07:07:31.800Z,29.9248,80.6472,10.0,4.5,mb,,109.0,5.746,0.87,6.0,1.9,0.096,32.0,15.894719573798147,793.6985977991508,4.463417222263276
2018-11-07T02:34:02.960Z,30.5052,87.9351,10.0,4.4,mb,,87.0,2.721,0.84,5.7,1.8,0.109,24.0,13.359590422338158,560.7072353058386,4.376612577921321
2018-10-31T23:09:01.530Z,30.2891,87.4647,10.0,5.0,mb,,63.0,3.23,0.93,7.6,1.7,0.052,119.0,31.662801371547832,3149.5502785459616,4.875679822364176
2018-10-31T01:49:29.220Z,30.3789,87.6483,10.0,4.7,mb,,52.0,2.52,0.95,8.1,1.8,0.053,108.0,21.46437583000791,1447.3927759372527,4.632809991687335
2018-10-22T16:49:36.120Z,30.4664,87.7783,13.83,4.8,mb,,41.0,2.637,0.94,7.7,4.2,0.06,87.0,22.649091839327255,1611.5784756056473,4.514706351143345
2018-10-22T15:10:05.270Z,30.2176,87.6309,11.42,4.5,mb,,92.0,2.362,1.05,10.7,3.7,0.171,16.0,14.90723684422039,698.142659010502,4.3772565278619275
2018-10-05T07:15:04.390Z,28.7099,81.4792,10.0,4.3,mb,,178.0,8.49,1.28,7.1,2.0,0.169,10.0,10.919576438077586,374.5945531775667,4.288478149965014
2018-10-05T07:08:11.750Z,28.874,81.5789,10.0,4.4,mb,,141.0,8.379,1.17,9.2,2.0,0.17,10.0,13.359590422338158,560.7072353058386,4.376612577921321
2018-08-01T15:46:23.750Z,30.3493,87.6027,10.0,5.2,mww,,45.0,2.48,0.92,7.1,1.8,0.086,13.0,40.11024393242897,5054.29375005344,5.029779772155868
2018-08-01T15:45:31.740Z,30.4062,87.4905,10.0,4.3,mb,,52.0,2.51,1.34,4.7,1.9,0.077,48.0,10.919576438077586,374.5945531775667,4.288478149965014
2018-06-28T04:07:47.290Z,27.8919,84.8272,10.0,4.8,mb,,96.0,1.757,0.51,7.6,1.9,0.048,131.0,24.58150241840967,1898.3081813468687,4.715300054481624
2018-06-28T00:30:53.070Z,30.3943,87.5273,10.0,4.2,mb,,85.0,2.506,1.35,4.7,1.9,0.112,22.0,8.486570187601345,226.26338883957507,4.199076760127543
2018-06-20T04:15:26.410Z,27.1508,87.8133,52.91,4.4,mb,,85.0,3.87,0.54,8.7,7.5,0.057,88.0,0.0,0.0,2.9453521243094927
2018-06-20T04:08:59.880Z,26.9633,87.505,38.3,4.4,mb,,137.0,4.2,0.72,10.0,6.3,0.058,86.0,0.0,0.0,3.259737785812542
2018-06-17T15:07:37.130Z,27.4201,88.4739,49.76,4.4,mb,,126.0,1.568,0.65,4.9,7.4,0.071,57.0,0.0,0.0,3.0060779803442683
2018-06-05T01:34:36.810Z,29.6464,81.6777,10.0,4.7,mb,,109.0,8.203,0.51,8.9,1.9,0.047,140.0,21.46437583000791,1447.3927759372527,4.632809991687335
2018-05-10T20:01:51.640Z,28.4517,87.421,4.66,4.4,mb,,80.0,0.728,0.68,7.6,5.2,0.075,51.0,16.023827765319666,806.6449312365235,4.738749175506294
2018-05-08T13:07:39.950Z,28.0604,87.4282,32.61,4.0,mb,,127.0,0.554,0.64,7.6,9.1,0.196,7.0,0.0,0.0,3.002565490322686
2018-03-01T17:27:17.180Z,30.362,87.6339,11.41,4.9,mb,,37.0,2.5,0.72,8.1,4.3,0.046,149.0,27.42420155105113,2362.750462228571,4.723488209335545
2018-02-28T10:35:16.460Z,30.3194,87.3792,10.0,4.0,mb,,97.0,2.404,0.53,8.4,1.9,0.119,19.0,2.1662344698955907,14.742149025978918,4.016740240475781
2018-02-11T13:12:25.570Z,30.4816,87.4907,12.07,4.2,mb,,95.0,2.583,0.83,7.3,4.9,0.115,24.0,5.1319561133240335,82.74004261959074,4.063490649146709
2018-02-08T20:56:30.090Z,30.3854,87.8193,10.0,4.2,mb,,55.0,2.573,0.93,9.1,1.8,0.084,39.0,8.486570187601345,226.26338883957507,4.199076760127543
2017-12-08T02:51:18.860Z,27.7618,86.1471,10.0,5.0,mb,,40.0,4.781,0.68,8.5,1.8,0.046,151.0,31.662801371547832,3149.5502785459616,4.875679822364176
2017-12-02T23:43:44.930Z,27.2856,88.0806,10.0,4.2,mb,,146.0,3.604,0.77,9.5,1.9,0.098,29.0,8.486570187601345,226.26338883957507,4.199076760127543
2017-11-07T19:06:41.830Z,30.2645,87.4355,9.83,4.6,mb,,95.0,3.251,0.99,4.3,4.2,0.065,72.0,18.672116365922413,1095.309774265823,4.559014725527927
2017-11-06T03:09:03.590Z,29.6127,81.2918,10.0,4.6,mb,,149.0,8.558,0.5,9.1,1.9,0.09,37.0,18.581626128585935,1084.7191512713061,4.548833850107908
2017-10-06T17:44:22.220Z,30.0189,86.7671,10.0,4.4,mb,,93.0,3.8,0.77,4.5,1.8,0.08,47.0,13.359590422338158,560.7072353058386,4.376612577921321
2017-08-22T00:50:35.830Z,29.3871,81.1558,10.0,4.6,mb,,64.0,7.96,0.77,9.1,1.9,0.078,49.0,18.581626128585935,1084.7191512713061,4.548833850107908
2017-08-21T12:03:13.970Z,27.5881,86.1237,10.0,4.5,mb,,142.0,4.875,1.03,7.1,1.8,0.079,47.0,15.894719573798147,793.6985977991508,4.463417222263276
2017-07-15T16:56:18.150Z,30.6609,82.7985,51.53,4.6,mb,,66.0,7.272,0.61,8.7,6.7,0.051,112.0,0.0,0.0,3.1774121903142616
2017-07-15T16:35:28.630Z,28.8507,81.6418,27.7,4.3,mb,,165.0,8.327,1.24,8.9,6.1,0.116,21.0,0.0,0.0,3.4604674200781247
2017-07-02T01:58:27.200Z,27.2384,86.1159,10.0,4.8,mb,,98.0,5.048,0.82,8.0,1.9,0.054,107.0,24.58150241840967,1898.3081813468687,4.715300054481624
2017-05-16T22:13:19.060Z,27.3266,88.1714,10.0,4.2,mb,,164.0,3.739,0.62,5.5,1.9,0.107,24.0,8.486570187601345,226.26338883957507,4.199076760127543
2017-04-27T02:10:11.800Z,29.2836,86.0168,8.0,4.4,mb,,69.0,1.682,0.81,7.6,4.9,0.098,30.0,14.645089834228722,673.8045708350712,4.5098673518496994
2017-04-24T15:04:30.130Z,29.6836,81.3034,18.73,4.3,mb,,187.0,7.906,0.81,12.0,6.4,0.111,23.0,0.0,0.0,3.806436151662076
2017-03-26T22:54:51.700Z,30.5998,83.6889,34.76,4.2,mb,,120.0,6.503,0.97,9.4,6.2,0.112,22.0,0.0,0.0,3.147116036916695
2017-03-26T21:42:11.940Z,27.1419,88.5534,24.39,4.5,mb,,116.0,2.934,0.81,6.6,5.5,0.069,62.0,0.0,0.0,3.7760186198442707
2017-02-27T04:21:41.730Z,27.3706,85.9319,20.28,4.6,mb,,156.0,0.626,0.69,7.5,3.7,0.066,69.0,5.830817231104706,106.80921661012127,4.033351008468263
2017-02-27T03:37:45.990Z,27.4259,86.0789,11.23,4.7,mb,,57.0,0.725,0.62,6.0,3.8,0.059,86.0,20.84721875387285,1365.356681133328,4.563391870584865
2017-02-26T18:48:45.660Z,30.2107,83.5019,10.0,4.7,mb,,95.0,6.635,1.22,6.3,1.9,0.082,46.0,21.46437583000791,1447.3927759372527,4.632809991687335
2017-02-01T10:07:44.180Z,30.6877,83.3674,10.0,5.1,mb,,30.0,3.419,0.72,7.6,1.7,0.045,163.0,35.69783470233496,4003.4427384999112,4.953520920864531
2017-01-19T09:59:42.490Z,28.9824,88.2848,10.0,4.1,mb,,161.0,2.583,1.02,6.8,1.9,0.13,16.0,5.87173786997333,108.3136500315039,4.108474632846999
2017-01-04T14:12:52.310Z,30.4946,83.7309,10.0,4.7,mb,,104.0,3.099,0.86,8.5,1.9,0.07,62.0,21.46437583000791,1447.3927759372527,4.632809991687335
2016-12-01T16:52:50.110Z,29.979,80.6321,31.96,5.2,mb,,41.0,4.687,0.76,7.0,4.4,0.047,152.0,26.21812480554159,2159.4995887814157,4.23227664914546
2016-11-27T23:35:21.020Z,27.8015,86.5319,10.0,5.4,mb,,30.0,1.081,0.67,5.3,1.7,0.033,314.0,50.214587868455816,7921.541064995275,5.1775607725900485
2016-10-07T04:52:38.250Z,28.35,85.9666,10.0,4.0,mb,,90.0,0.857,1.05,5.3,2.0,0.164,10.0,2.1662344698955907,14.742149025978918,4.016740240475781
2016-10-01T11:36:01.570Z,30.9806,88.1037,34.62,4.2,mb,,134.0,2.907,1.19,9.1,9.2,0.11,23.0,0.0,0.0,3.1509373114147
2016-09-18T17:14:17.810Z,27.8196,85.4746,25.2,4.2,mb,,68.0,0.176,0.94,8.2,4.8,0.093,32.0,0.0,0.0,3.445408455979673
2016-09-10T00:46:18.380Z,30.2163,82.6753,35.0,4.9,mb,,92.0,3.402,0.89,7.2,1.9,0.048,138.0,0.0,0.0,3.8519123543190337
2016-09-09T09:10:51.180Z,30.3571,82.8488,35.0,4.3,mb,,175.0,8.772,0.59,13.5,2.0,0.202,7.0,0.0,0.0,3.242931080268591
2016-07-02T00:23:46.380Z,29.5139,81.0984,10.0,4.4,mb,,82.0,4.119,0.78,8.6,1.8,0.085,40.0,13.359590422338158,560.7072353058386,4.376612577921321
2016-06-29T09:10:28.860Z,29.5553,81.1306,9.03,4.6,mb,,77.0,4.111,0.46,7.2,2.7,0.077,50.0,19.07186224736713,1142.7101242231856,4.607486322681131
2016-06-27T14:53:00.680Z,28.7638,87.4704,10.0,4.7,mb,,82.0,2.17,0.58,7.7,1.8,0.082,45.0,21.46437583000791,1447.3927759372527,4.632809991687335
2016-06-21T05:49:46.420Z,27.7243,84.9384,10.0,3.5,mb,,201.0,0.33,0.67,7.7,2.0,0.202,6.0,0.0,0.0,3.5435098204176256
2016-06-13T23:27:42.520Z,27.9339,84.4925,10.0,4.1,mb,,173.0,0.761,0.57,4.9,1.9,0.107,24.0,5.87173786997333,108.3136500315039,4.108474632846999
2016-05-28T09:39:10.850Z,28.0097,85.4237,10.0,4.6,mb,,67.0,0.311,0.86,5.7,1.7,0.053,107.0,18.581626128585935,1084.7191512713061,4.548833850107908
2016-05-26T09:29:25.640Z,28.4555,87.4821,10.0,4.0,mb,,117.0,2.085,1.02,4.6,1.9,0.119,19.0,2.1662344698955907,14.742149025978918,4.016740240475781
2016-05-23T19:09:52.790Z,27.704,85.0896,10.0,4.3,mb,,87.0,0.195,1.21,3.5,1.9,0.082,42.0,10.919576438077586,374.5945531775667,4.288478149965014
2016-05-23T18:09:03.320Z,28.4178,87.4903,10.0,4.2,mb,,90.0,2.046,0.71,6.7,1.8,0.093,32.0,8.486570187601345,226.26338883957507,4.199076760127543
2016-05-22T04:49:45.200Z,28.5599,87.5853,11.05,4.3,mb,,112.0,2.174,0.72,7.8,4.3,0.083,41.0,9.855691228271063,305.1575015515983,4.220017635303413
2016-05-22T02:55:42.320Z,28.3854,87.3554,10.0,4.0,mb,,118.0,1.955,1.1,7.4,2.0,0.108,23.0,2.1662344698955907,14.742149025978918,4.016740240475781
2016-05-22T02:05:54.680Z,28.5654,87.4796,4.44,5.1,mb,,39.0,2.091,0.71,5.5,2.9,0.039,213.0,36.80518716750711,4255.669902923082,5.193158103436584
2016-05-22T01:48:48.130Z,28.4538,87.5326,9.36,5.4,mwc,,36.0,2.093,0.9,6.5,3.5,,,50.337811184028155,7960.466654610314,5.202297212984452
2016-05-22T01:46:09.770Z,28.2457,87.2227,10.37,4.0,mb,,120.0,1.768,0.72,8.4,6.7,0.164,10.0,0.0,0.0,3.9901358211715974
2016-05-22T01:32:31.690Z,28.4767,87.5067,6.99,4.5,mb,,89.0,2.08,0.73,6.9,4.0,0.067,66.0,17.429343370582895,954.3593319444673,4.657373270773886
2016-05-21T07:59:00.050Z,28.2817,87.3528,10.0,4.0,mb,,120.0,1.918,1.06,5.5,1.9,0.113,21.0,2.1662344698955907,14.742149025978918,4.016740240475781
2016-05-14T22:45:55.420Z,27.8608,85.3631,22.11,4.4,mb,,44.0,0.153,0.57,8.1,3.3,0.069,61.0,0.0,0.0,3.7625333240937042
2016-05-13T23:20:59.460Z,27.958,85.5191,10.0,4.0,mb,,104.0,0.303,0.82,5.4,1.9,0.134,15.0,2.1662344698955907,14.742149025978918,4.016740240475781
2016-05-11T08:52:47.570Z,28.0545,84.5639,15.99,4.5,mb,,73.0,5.984,0.63,8.7,4.2,0.087,38.0,9.84692897962009,304.6151393290264,4.130025156026575
2016-05-11T01:19:42.320Z,27.9448,84.9277,10.23,4.5,mb,,104.0,0.414,1.04,5.9,5.3,0.076,50.0,15.747673171922319,779.0810813412629,4.44917435479065
2016-05-09T05:17:54.750Z,28.21,85.7631,39.31,4.2,mb,,66.0,0.634,0.78,8.1,6.8,0.093,32.0,0.0,0.0,3.0297353221616894
2016-05-03T16:31:51.850Z,29.6379,87.9346,25.81,4.1,mb,,156.0,2.779,0.6,13.1,6.2,0.104,25.0,0.0,0.0,3.3223145428585
2016-04-19T17:22:17.910Z,28.3381,87.8381,55.92,4.3,mb,,46.0,2.315,1.13,6.8,7.6,0.104,30.0,0.0,0.0,2.786970795861003
2016-04-16T04:33:03.290Z,28.3437,87.4392,10.0,4.1,mb,,64.0,1.979,0.87,7.5,1.9,0.114,21.0,5.87173786997333,108.3136500315039,4.108474632846999
2016-04-12T14:41:52.170Z,27.6062,86.0621,10.0,4.3,mb,,146.0,0.67,0.93,4.6,1.9,0.097,30.0,10.919576438077586,374.5945531775667,4.288478149965014
2016-04-09T13:20:13.820Z,27.6354,85.3002,10.22,4.1,mb,,168.0,0.077,0.76,9.0,4.2,0.116,20.0,5.479863649186806,94.33858927127504,4.092993177401896
2016-04-04T04:31:26.640Z,27.5381,85.8383,23.69,4.2,mb,,152.0,0.495,1.02,6.3,5.0,0.098,29.0,0.0,0.0,3.5011590670504757
2016-03-30T12:26:40.280Z,27.8164,85.5483,10.0,4.1,mb,,110.0,0.23,0.52,5.4,1.9,0.094,31.0,5.87173786997333,108.3136500315039,4.108474632846999
2016-03-14T21:27:35.270Z,27.7234,85.534,27.09,4.3,mb,,137.0,0.193,0.75,11.1,6.1,0.09,35.0,0.0,0.0,3.480798156751212
2016-03-13T05:15:33.690Z,27.8303,84.8208,10.0,4.4,mb,,171.0,0.453,0.76,7.7,1.8,0.11,24.0,13.359590422338158,560.7072353058386,4.376612577921321
2016-02-24T09:22:16.670Z,27.8322,85.7365,10.0,4.7,mb,,49.0,0.391,0.71,6.5,1.9,0.073,57.0,21.46437583000791,1447.3927759372527,4.632809991687335
2016-02-21T18:10:00.970Z,27.9633,84.6943,16.72,5.1,mb,,39.0,0.604,0.87,7.0,4.5,0.059,94.0,33.08741456256789,3439.3433881695732,4.652152558058605
2016-02-10T16:27:41.910Z,27.7118,85.6292,21.15,4.1,mb,,97.0,0.278,0.51,8.4,4.5,0.095,30.0,0.0,0.0,3.5017931656591244
2016-02-09T02:29:04.040Z,30.8319,86.284,32.43,4.7,mb,,95.0,7.188,0.92,9.4,5.3,0.075,53.0,0.0,0.0,3.720404581209899
2016-02-05T16:20:11.740Z,27.8782,85.3377,23.53,5.2,mb,,44.0,0.166,0.82,9.2,4.4,0.052,120.0,33.987803228790106,3629.0759993925067,4.488831272934504
2016-01-31T04:39:48.230Z,29.6353,84.2685,10.0,4.1,mb,,161.0,7.856,0.64,10.0,1.9,0.157,11.0,5.87173786997333,108.3136500315039,4.108474632846999
2016-01-31T04:18:25.460Z,29.6637,84.2327,10.0,4.2,mb,,145.0,7.897,0.79,8.8,1.9,0.128,17.0,8.486570187601345,226.26338883957507,4.199076760127543
2016-01-28T09:36:03.450Z,29.4663,87.9565,10.0,4.1,mb,,145.0,13.2,0.92,9.7,1.9,0.12,19.0,5.87173786997333,108.3136500315039,4.108474632846999
2016-01-26T16:57:30.840Z,29.5248,87.8553,24.65,4.2,mb,,94.0,5.306,0.84,11.5,5.6,0.124,18.0,0.0,0.0,3.465380933408767
2016-01-21T19:22:43.590Z,28.0269,85.0515,19.01,4.5,mb,,96.0,0.391,0.81,7.4,4.4,0.068,64.0,0.0,0.0,3.9898393250805486
2016-01-14T00:03:52.650Z,29.4873,87.8145,10.0,4.1,mb,,140.0,2.892,1.12,7.6,1.9,0.12,19.0,5.87173786997333,108.3136500315039,4.108474632846999
2016-01-13T23:15:46.160Z,29.7043,88.0054,10.0,4.4,mb,,96.0,2.715,1.07,9.2,1.9,0.094,33.0,13.359590422338158,560.7072353058386,4.376612577921321
2015-12-26T04:48:40.050Z,29.1913,81.42,10.0,4.1,mb,,170.0,8.479,0.87,11.5,1.9,0.198,7.0,5.87173786997333,108.3136500315039,4.108474632846999
2015-12-18T22:16:56.550Z,29.3985,81.6541,10.0,5.4,mb,,34.0,3.632,0.8,7.5,1.8,0.035,274.0,50.214587868455816,7921.541064995275,5.1775607725900485
2015-11-24T12:24:15.590Z,28.1552,84.7587,8.19,4.6,mb,,60.0,0.661,0.96,6.2,4.5,0.079,48.0,19.447383617920114,1188.1526336388315,4.6591703134539015
2015-11-19T04:15:52.600Z,27.8525,85.6776,16.51,5.0,mb,,49.0,0.349,0.79,6.5,3.9,0.053,115.0,28.808902976234467,2607.3739042301695,4.570918597982443
2015-10-12T15:39:07.360Z,28.9796,86.3729,10.0,4.5,mb,,57.0,1.088,0.79,2.4,1.8,0.066,67.0,15.894719573798147,793.6985977991508,4.463417222263276
2015-10-10T01:48:45.570Z,27.2548,88.8009,48.22,4.3,mb,,129.0,1.899,0.63,11.9,7.7,0.103,27.0,0.0,0.0,2.9340171084242193
2015-10-09T20:29:56.020Z,28.8544,86.469,10.0,4.9,mb,,60.0,0.942,0.96,4.8,1.8,0.046,149.0,27.96917822733938,2457.589175414405,4.796266326866449
2015-10-09T01:01:21.970Z,28.8999,86.3397,10.0,4.0,mb,,78.0,1.025,1.0,5.9,1.9,0.139,15.0,2.1662344698955907,14.742149025978918,4.016740240475781
2015-10-07T04:58:20.550Z,27.8771,84.8817,34.7,4.2,mb,,149.0,0.418,0.89,6.3,6.2,0.216,6.0,0.0,0.0,3.148752071092429
2015-10-06T23:30:29.260Z,27.6712,85.9838,14.04,4.3,mb,,110.0,0.593,0.73,11.4,4.8,0.1,28.0,4.702717255695819,69.47804811268034,4.041885874820657
2015-10-06T12:02:40.700Z,27.7479,86.1479,10.0,4.0,mb,,133.0,0.624,0.96,12.1,2.0,0.156,11.0,2.1662344698955907,14.742149025978918,4.016740240475781
2015-10-05T07:36:25.480Z,27.7703,86.1587,10.0,4.3,mb,,131.0,0.607,0.52,5.5,1.9,0.169,10.0,10.919576438077586,374.5945531775667,4.288478149965014
2015-10-05T07:33:21.920Z,27.6395,86.0343,10.0,4.5,mb,,138.0,0.641,0.92,6.4,1.8,0.07,60.0,15.894719573798147,793.6985977991508,4.463417222263276
2015-09-29T10:54:42.010Z,27.7769,85.8162,10.0,4.4,mb,,120.0,0.448,0.98,10.3,1.9,0.091,35.0,13.359590422338158,560.7072353058386,4.376612577921321
2015-09-29T09:27:17.090Z,29.996,80.3737,35.0,4.6,mb,,126.0,4.895,1.05,8.8,1.5,0.083,43.0,0.0,0.0,3.5486566096456835
2015-09-22T06:32:45.680Z,27.6915,85.0633,10.0,4.4,mb,,96.0,0.215,1.03,4.6,1.8,0.098,30.0,13.359590422338158,560.7072353058386,4.376612577921321
2015-09-16T14:52:12.070Z,27.5875,86.1894,7.48,4.2,mb,,142.0,0.663,0.59,4.0,4.9,0.199,7.0,10.773647179534139,364.649288593144,4.381971185450524
2015-09-01T23:06:40.640Z,27.6836,86.2819,16.02,4.1,mb,,166.0,0.543,0.78,6.6,5.4,0.12,19.0,0.0,0.0,3.7417108692035232
2015-08-30T13:17:34.680Z,27.6519,85.6673,10.0,4.5,mb,,83.0,0.317,0.67,4.6,1.8,0.06,81.0,15.894719573798147,793.6985977991508,4.463417222263276
2015-08-24T06:53:44.060Z,28.3466,87.2202,10.53,4.0,mb,,92.0,0.528,0.9,7.3,5.7,0.113,21.0,0.0,0.0,3.978797224177718
2015-08-23T09:02:05.080Z,27.8355,86.0795,10.0,5.0,mb,,51.0,0.659,0.63,7.6,1.7,0.044,166.0,31.662801371547832,3149.5502785459616,4.875679822364176
2015-08-17T22:23:57.910Z,27.9066,86.1322,10.44,4.2,mb,,62.0,0.603,0.7,4.7,5.0,0.09,34.0,7.939034799588923,198.00916115024995,4.169123428222227
2015-08-15T18:11:39.530Z,27.7023,85.9473,10.0,4.7,mb,,75.0,0.56,0.86,5.1,1.7,0.052,111.0,21.46437583000791,1447.3927759372527,4.632809991687335
2015-08-15T05:42:20.300Z,27.3759,87.8566,10.0,4.4,mb,,129.0,1.093,0.75,7.2,1.9,0.088,37.0,13.359590422338158,560.7072353058386,4.376612577921321
2015-08-14T13:02:26.290Z,27.5691,86.086,10.0,4.6,mb,,144.0,0.698,1.04,5.3,2.0,0.182,9.0,18.581626128585935,1084.7191512713061,4.548833850107908
2015-08-11T04:57:40.960Z,27.6651,85.3301,2.64,3.7,mb,,167.0,0.027,0.13,10.0,6.8,0.252,4.0,6.395334740646452,128.4921022569301,4.427271870121523
2015-08-09T22:30:26.860Z,28.2257,84.8043,10.0,4.2,mb,,139.0,0.682,1.08,8.1,1.9,0.096,30.0,8.486570187601345,226.26338883957507,4.199076760127543
2015-08-05T19:15:56.760Z,30.3652,80.3368,10.0,4.1,mb,,176.0,5.097,0.73,6.5,1.9,0.145,13.0,5.87173786997333,108.3136500315039,4.108474632846999
2015-08-01T12:14:28.560Z,28.7475,87.6636,34.28,4.4,mb,,88.0,2.314,0.77,6.1,5.0,0.067,67.0,0.0,0.0,3.3646059054386086
2015-08-01T01:37:42.690Z,28.532,85.6808,10.0,4.0,mb,,118.0,0.877,1.81,7.1,2.0,0.232,6.0,2.1662344698955907,14.742149025978918,4.016740240475781
2015-07-22T16:29:47.770Z,27.7012,85.2824,14.54,3.9,mb,,233.0,0.031,0.43,10.6,7.8,0.255,4.0,0.0,0.0,3.626545884503476
2015-07-10T21:13:01.030Z,27.7297,86.0836,10.0,4.2,mb,,101.0,0.681,0.56,4.7,1.9,0.087,37.0,8.486570187601345,226.26338883957507,4.199076760127543
2015-07-07T09:31:41.580Z,29.6068,81.733,10.0,4.2,mb,,146.0,3.67,1.24,9.0,1.9,0.118,20.0,8.486570187601345,226.26338883957507,4.199076760127543
2015-07-06T15:29:07.940Z,27.9368,85.6886,10.0,4.2,mb,,103.0,0.398,0.42,6.0,1.9,0.141,14.0,8.486570187601345,226.26338883957507,4.199076760127543
2015-07-03T20:04:07.080Z,27.7236,84.9064,3.36,4.5,mb,,93.0,0.362,0.86,7.2,4.2,0.065,69.0,18.47572759946633,1072.3905387361626,4.879012380872929
2015-07-02T01:56:11.700Z,27.9835,85.5714,10.0,4.2,mb,,59.0,0.352,0.9,6.5,1.9,0.087,37.0,8.486570187601345,226.26338883957507,4.199076760127543
2015-06-29T21:46:23.940Z,27.4724,85.7525,10.0,4.3,mb,,141.0,0.455,0.91,6.8,1.9,0.09,35.0,10.919576438077586,374.5945531775667,4.288478149965014
2015-06-29T17:42:43.450Z,28.003,85.6279,10.0,4.0,mb,,91.0,0.4,1.05,8.6,1.9,0.108,23.0,2.1662344698955907,14.742149025978918,4.016740240475781
2015-06-28T23:57:15.530Z,28.0316,86.056,10.0,4.7,mb,,94.0,0.728,1.26,6.8,1.9,0.062,78.0,21.46437583000791,1447.3927759372527,4.632809991687335
2015-06-25T15:22:19.450Z,27.8139,85.3302,10.0,3.7,mb,,121.0,0.101,1.29,15.9,2.0,0.178,8.0,0.0,0.0,3.7354397686294476
2015-06-22T07:34:31.780Z,27.5413,85.9898,10.0,4.3,mb,,156.0,0.622,0.25,6.0,2.0,0.202,7.0,10.919576438077586,374.5945531775667,4.288478149965014
2015-06-21T13:41:47.330Z,27.8059,86.0295,10.0,4.1,mb,,129.0,0.639,0.57,7.7,1.9,0.145,13.0,5.87173786997333,108.3136500315039,4.108474632846999
2015-06-20T12:23:05.580Z,28.5523,82.6319,10.0,4.7,mb,,92.0,2.513,0.61,8.2,1.8,0.056,97.0,21.46437583000791,1447.3927759372527,4.632809991687335
2015-06-17T02:15:14.610Z,28.2774,85.8766,10.0,4.3,mb,,72.0,0.75,0.97,7.0,1.9,0.078,47.0,10.919576438077586,374.5945531775667,4.288478149965014
2015-06-17T00:29:59.050Z,27.9426,85.4981,10.0,4.3,mb,,77.0,0.28,1.34,4.6,1.8,0.084,40.0,10.919576438077586,374.5945531775667,4.288478149965014
2015-06-17T00:13:20.190Z,27.7381,85.2944,5.7,4.0,mb,,129.0,0.031,1.0,17.6,7.8,0.183,8.0,8.497209646617167,226.83106906982587,4.363932211695375
2015-06-14T07:47:46.830Z,28.1763,85.7529,10.0,4.1,mb,,94.0,0.602,0.57,6.3,1.4,0.127,19.0,5.87173786997333,108.3136500315039,4.108474632846999
2015-06-13T01:18:30.200Z,27.6326,86.0709,10.0,4.8,mb,,40.0,0.674,0.68,6.6,1.9,0.057,94.0,24.58150241840967,1898.3081813468687,4.715300054481624
2015-06-12T04:34:10.000Z,27.7705,86.0379,10.0,4.0,mb,,140.0,0.642,0.78,7.8,2.0,0.231,8.0,2.1662344698955907,14.742149025978918,4.016740240475781
2015-06-11T19:37:06.220Z,28.115,84.6937,10.32,4.4,mb,,96.0,0.681,1.06,6.3,4.5,0.075,51.0,13.113971795479408,540.2793432351363,4.3561062497699785
2015-06-11T16:12:20.290Z,27.8321,85.5836,24.49,4.8,mb,,76.0,0.265,0.61,8.0,1.4,0.052,114.0,10.22204290473683,328.26552262956864,4.069454076919941
2015-06-11T04:17:46.340Z,27.8955,85.7959,10.0,4.2,mb,,135.0,0.462,0.7,6.4,1.5,0.118,20.0,8.486570187601345,226.26338883957507,4.199076760127543
2015-06-07T05:17:45.900Z,27.9734,85.5328,10.0,4.2,mb,,70.0,5.201,0.71,11.2,1.9,0.128,17.0,8.486570187601345,226.26338883957507,4.199076760127543
2015-06-03T07:52:37.640Z,28.011,86.0953,10.0,4.0,mb,,114.0,0.751,1.46,5.2,1.9,0.172,14.0,2.1662344698955907,14.742149025978918,4.016740240475781
2015-05-30T16:28:19.320Z,27.8802,84.9263,10.0,4.3,mb,,132.0,0.383,1.34,6.5,1.9,0.088,36.0,10.919576438077586,374.5945531775667,4.288478149965014
2015-05-29T10:00:00.270Z,27.9798,84.7819,10.0,4.8,mb,,41.0,0.542,0.91,6.7,1.6,0.052,112.0,24.58150241840967,1898.3081813468687,4.715300054481624
2015-05-28T23:35:52.170Z,28.0923,84.6435,10.0,4.0,mb,,177.0,0.705,0.52,10.1,2.0,0.211,6.0,2.1662344698955907,14.742149025978918,4.016740240475781
2015-05-27T16:45:00.460Z,28.2528,84.9717,10.0,4.1,mb,,157.0,0.618,1.48,5.9,1.9,0.097,29.0,5.87173786997333,108.3136500315039,4.108474632846999
2015-05-27T07:30:58.810Z,27.4029,84.716,10.0,4.4,mb,,164.0,0.615,1.29,7.7,1.9,0.091,35.0,13.359590422338158,560.7072353058386,4.376612577921321
2015-05-27T07:30:41.910Z,27.3256,84.6635,10.0,4.0,mb,,168.0,0.695,1.4,7.4,1.9,0.099,30.0,2.1662344698955907,14.742149025978918,4.016740240475781
2015-05-26T17:07:14.360Z,28.2338,85.1005,10.0,4.6,mb,,71.0,0.553,1.05,6.6,1.9,0.06,83.0,18.581626128585935,1084.7191512713061,4.548833850107908
2015-05-26T14:15:30.970Z,27.3029,85.0688,10.0,3.7,mb,,169.0,0.463,1.17,6.0,1.9,0.191,7.0,0.0,0.0,3.7354397686294476
2015-05-25T10:46:03.060Z,28.5718,87.2411,42.44,4.3,mb,,132.0,3.581,1.09,9.1,5.8,0.092,33.0,0.0,0.0,3.0585887273164123
2015-05-24T21:38:40.840Z,28.0271,84.6734,10.0,4.4,mb,,41.0,0.649,0.56,4.8,1.8,0.072,55.0,13.359590422338158,560.7072353058386,4.376612577921321
2015-05-22T19:07:41.930Z,29.8042,81.6888,10.0,4.3,mb,,75.0,3.805,0.98,8.1,1.9,0.082,42.0,10.919576438077586,374.5945531775667,4.288478149965014
2015-05-22T13:04:05.930Z,27.6635,85.6936,10.0,4.1,mb,,85.0,5.187,0.94,6.8,1.9,0.123,19.0,5.87173786997333,108.3136500315039,4.108474632846999
2015-05-22T11:45:47.370Z,27.5438,86.0511,10.0,4.3,mb,,127.0,0.673,0.85,6.1,1.6,0.089,36.0,10.919576438077586,374.5945531775667,4.288478149965014
2015-05-22T10:59:33.780Z,27.9555,84.9671,10.0,4.7,mb,,41.0,0.392,0.88,5.5,1.7,0.056,97.0,21.46437583000791,1447.3927759372527,4.632809991687335
2015-05-21T09:11:55.640Z,27.8173,85.209,10.0,4.0,mb,,176.0,6.353,0.58,9.1,2.0,0.172,9.0,2.1662344698955907,14.742149025978918,4.016740240475781
2015-05-20T09:02:32.260Z,27.3231,85.0483,10.0,4.6,mb,,145.0,5.85,0.81,6.8,1.7,0.077,52.0,18.581626128585935,1084.7191512713061,4.548833850107908
2015-05-19T10:59:30.690Z,27.7722,85.868,10.0,4.2,mb,,163.0,5.002,1.28,7.2,1.9,0.1,28.0,8.486570187601345,226.26338883957507,4.199076760127543
2015-05-18T22:49:50.890Z,27.5867,85.8925,10.0,4.4,mb,,134.0,5.06,0.73,3.7,1.9,0.074,52.0,13.359590422338158,560.7072353058386,4.376612577921321
2015-05-18T12:42:09.240Z,27.9438,84.6997,10.0,4.1,mb,,103.0,6.821,0.5,11.8,1.9,0.175,10.0,5.87173786997333,108.3136500315039,4.108474632846999
2015-05-17T05:45:38.500Z,27.5777,85.8239,10.0,4.3,mb,,157.0,5.119,0.73,8.1,1.8,0.077,48.0,10.919576438077586,374.5945531775667,4.288478149965014
2015-05-16T23:15:26.060Z,27.6804,85.9514,10.0,4.4,mb,,88.0,4.973,0.74,8.0,1.9,0.077,48.0,13.359590422338158,560.7072353058386,4.376612577921321
2015-05-16T20:02:53.740Z,28.0094,84.6978,10.0,4.1,mb,,170.0,5.885,0.7,10.5,1.9,0.234,5.0,5.87173786997333,108.3136500315039,4.108474632846999
2015-05-16T11:34:09.980Z,27.5603,86.0734,7.0,5.5,mww,,13.0,4.928,0.72,7.5,1.7,,,56.43564129667118,10005.914823291236,5.352192965539785
2015-05-16T03:50:21.210Z,27.4751,85.1653,10.0,4.2,mb,,135.0,5.692,0.86,6.9,1.8,0.101,27.0,8.486570187601345,226.26338883957507,4.199076760127543
2015-05-16T03:39:26.920Z,27.6386,85.713,10.0,4.7,mb,,40.0,5.182,0.55,7.9,1.8,0.051,119.0,21.46437583000791,1447.3927759372527,4.632809991687335
2015-05-16T00:46:06.830Z,28.0074,84.5187,10.0,4.1,mb,,70.0,0.764,0.63,6.2,1.9,0.109,23.0,5.87173786997333,108.3136500315039,4.108474632846999
2015-05-15T01:42:42.800Z,27.9719,84.7499,10.0,4.9,mb,,40.0,1.823,0.91,8.1,1.8,0.047,145.0,27.96917822733938,2457.589175414405,4.796266326866449
2015-05-14T14:36:39.530Z,28.1148,85.3994,10.0,3.9,mb,,169.0,1.258,1.15,13.9,2.0,0.171,9.0,0.0,0.0,3.9239432159839214
2015-05-14T03:07:38.770Z,27.6713,86.1515,10.0,4.4,mb,,83.0,0.651,0.74,4.6,1.8,0.109,24.0,13.359590422338158,560.7072353058386,4.376612577921321
2015-05-13T21:38:06.390Z,27.7199,86.0503,8.38,5.0,mb,,40.0,0.715,0.65,6.5,4.3,0.046,150.0,32.129559453781674,3243.0930847621903,4.955757725816479
2015-05-13T10:59:41.150Z,27.8014,86.038,10.0,4.2,mb,,101.0,0.702,0.67,6.2,1.9,0.104,26.0,8.486570187601345,226.26338883957507,4.199076760127543
2015-05-13T09:52:27.990Z,27.7666,86.3084,10.0,4.2,mb,,150.0,0.484,1.06,5.0,1.8,0.159,11.0,8.486570187601345,226.26338883957507,4.199076760127543
2015-05-13T06:53:00.780Z,27.7201,86.1891,10.0,4.8,mb,,88.0,0.6,0.73,8.7,1.9,0.059,87.0,24.58150241840967,1898.3081813468687,4.715300054481624
2015-05-13T06:37:30.290Z,27.7582,86.1379,10.0,4.5,mb,,146.0,0.629,0.93,7.5,1.9,0.08,46.0,15.894719573798147,793.6985977991508,4.463417222263276
2015-05-13T06:26:07.550Z,27.6539,86.1557,10.0,4.7,mb,,118.0,0.655,0.69,6.7,1.9,0.061,89.0,21.46437583000791,1447.3927759372527,4.632809991687335
2015-05-13T02:43:47.590Z,27.6248,86.3299,10.0,4.1,mb,,153.0,0.541,0.68,8.2,2.0,0.158,11.0,5.87173786997333,108.3136500315039,4.108474632846999
2015-05-13T02:23:10.920Z,27.6695,86.2315,10.0,4.1,mb,,171.0,0.589,1.12,5.6,1.9,0.111,22.0,5.87173786997333,108.3136500315039,4.108474632846999
2015-05-12T21:57:14.320Z,27.8032,86.0034,10.0,4.0,mb,,171.0,0.732,0.77,7.0,2.0,0.164,10.0,2.1662344698955907,14.742149025978918,4.016740240475781
2015-05-12T21:25:11.930Z,27.783,84.6384,10.0,5.2,mb,,38.0,1.932,0.62,6.0,1.8,0.051,125.0,40.11024393242897,5054.29375005344,5.029779772155868
2015-05-12T20:44:28.940Z,27.9152,86.2389,5.36,4.0,mb,,167.0,0.508,1.28,7.2,6.7,0.102,26.0,8.715673914194118,238.6447140843849,4.39356451459882
2015-05-12T20:22:16.260Z,27.5858,85.1413,13.35,4.3,mb,,124.0,1.526,1.32,6.5,4.9,0.083,41.0,6.404268075824059,128.85132183213915,4.080855167643215
2015-05-12T19:37:40.910Z,27.6868,86.1308,8.52,4.5,mb,,101.0,0.661,1.01,5.0,4.1,0.066,67.0,16.734745600984855,879.8083957969856,4.557384038105377
2015-05-12T19:34:59.090Z,27.6432,86.1584,10.93,4.3,mb,,165.0,0.658,0.76,5.5,5.1,0.086,38.0,9.988605988175687,313.44376633470677,4.2276839850696675
2015-05-12T18:51:44.210Z,27.6456,86.294,11.23,4.1,mb,,147.0,0.554,0.8,4.8,4.8,0.101,29.0,2.8921282152904157,26.27755522757894,4.024114747467351
2015-05-12T18:49:05.090Z,27.717,86.2514,15.68,4.0,mb,,137.0,0.551,0.86,5.0,2.9,0.173,9.0,0.0,0.0,3.6614637926144855
2015-05-12T17:28:39.250Z,27.4989,86.1266,10.0,4.8,mb,,44.0,0.76,0.75,7.4,1.8,0.048,135.0,24.58150241840967,1898.3081813468687,4.715300054481624
2015-05-12T16:55:22.990Z,27.712,85.9418,6.54,4.4,mb,,143.0,0.808,0.68,5.8,3.5,0.083,42.0,15.352754028272239,740.4955563225368,4.610884868744181
2015-05-12T16:32:09.050Z,27.617,86.2307,10.0,4.0,mb,,150.0,0.617,1.1,6.3,1.9,0.163,12.0,2.1662344698955907,14.742149025978918,4.016740240475781
2015-05-12T16:15:14.100Z,27.7411,86.2211,10.0,4.0,mb,,134.0,0.566,0.43,4.5,1.8,0.134,15.0,2.1662344698955907,14.742149025978918,4.016740240475781
2015-05-12T15:59:46.930Z,27.6485,86.2971,10.0,4.4,mb,,191.0,0.55,0.88,5.0,1.9,0.189,8.0,13.359590422338158,560.7072353058386,4.376612577921321
2015-05-12T15:32:25.690Z,27.7866,86.0808,10.0,4.2,mb,,191.0,0.669,0.52,5.8,2.0,0.198,7.0,8.486570187601345,226.26338883957507,4.199076760127543
2015-05-12T15:28:19.810Z,27.721,86.2602,10.0,4.4,mb,,149.0,0.542,0.8,6.3,1.9,0.098,30.0,13.359590422338158,560.7072353058386,4.376612577921321
2015-05-12T13:58:57.540Z,27.6013,86.2659,10.0,4.5,mb,,142.0,0.6,0.37,4.9,1.9,0.18,9.0,15.894719573798147,793.6985977991508,4.463417222263276
2015-05-12T13:47:05.250Z,27.7321,85.8975,10.0,4.4,mb,,164.0,0.84,0.49,6.8,1.9,0.12,20.0,13.359590422338158,560.7072353058386,4.376612577921321
2015-05-12T13:43:17.520Z,27.7461,85.9016,10.0,4.4,mb,,172.0,0.833,0.64,5.5,1.6,0.093,33.0,13.359590422338158,560.7072353058386,4.376612577921321
2015-05-12T13:25:25.120Z,27.6516,86.1632,7.9,4.2,mb,,164.0,0.65,0.45,6.7,5.4,0.132,16.0,10.469568928522508,344.3558566880154,4.350261734543984
2015-05-12T13:10:40.840Z,27.8728,85.9511,10.61,4.1,mb,,149.0,0.766,0.86,6.4,5.6,0.174,9.0,4.680299735452735,68.81723303130765,4.065971704382918
2015-05-12T13:08:10.140Z,27.6132,85.9896,10.0,4.4,mb,,169.0,0.805,0.29,5.3,1.9,0.178,9.0,13.359590422338158,560.7072353058386,4.376612577921321
2015-05-12T13:02:17.180Z,27.6406,85.8062,10.0,4.0,mb,,175.0,0.945,0.91,9.0,1.9,0.26,4.0,2.1662344698955907,14.742149025978918,4.016740240475781
2015-05-12T12:28:22.930Z,27.6751,85.9931,10.0,4.5,mb,,101.0,0.778,1.21,4.6,1.9,0.091,35.0,15.894719573798147,793.6985977991508,4.463417222263276
2015-05-12T11:58:12.150Z,27.6936,85.9018,10.0,4.3,mb,,65.0,0.848,1.31,7.4,1.9,0.092,34.0,10.919576438077586,374.5945531775667,4.288478149965014
2015-05-12T11:21:30.590Z,27.6838,86.1369,10.0,4.4,mb,,162.0,0.657,0.71,7.2,1.9,0.095,32.0,13.359590422338158,560.7072353058386,4.376612577921321
2015-05-12T11:13:21.490Z,27.8202,85.982,10.0,4.1,mb,,191.0,0.747,0.86,6.0,1.9,0.165,10.0,5.87173786997333,108.3136500315039,4.108474632846999
2015-05-12T11:06:34.600Z,27.6414,86.2033,10.0,4.2,mb,,165.0,0.624,0.74,7.1,1.9,0.118,20.0,8.486570187601345,226.26338883957507,4.199076760127543
2015-05-12T10:53:22.920Z,27.7305,86.199,10.0,4.0,mb,,149.0,0.588,0.59,6.3,1.9,0.156,11.0,2.1662344698955907,14.742149025978918,4.016740240475781
2015-05-12T10:42:22.330Z,27.4765,86.3405,10.0,4.0,mb,,172.0,0.636,0.95,7.2,1.9,0.211,6.0,2.1662344698955907,14.742149025978918,4.016740240475781
2015-05-12T10:41:32.260Z,27.716,86.2746,10.0,4.5,mb,,153.0,0.533,1.07,6.4,1.9,0.094,33.0,15.894719573798147,793.6985977991508,4.463417222263276
2015-05-12T10:40:07.870Z,27.7987,86.4044,10.0,4.6,mb,,145.0,0.394,0.46,6.9,1.9,0.223,6.0,18.581626128585935,1084.7191512713061,4.548833850107908
2015-05-12T10:35:39.950Z,27.6606,86.0849,10.0,4.5,mb,,38.0,0.708,1.11,6.4,1.8,0.075,53.0,15.894719573798147,793.6985977991508,4.463417222263276
2015-05-12T10:31:00.570Z,27.6896,85.9158,10.01,4.4,mb,,138.0,0.837,1.2,7.2,2.0,0.19,8.0,13.352099320055608,560.0786026158553,4.37596803862808
2015-05-12T10:15:07.680Z,27.7172,86.1734,10.0,4.3,mb,,106.0,0.614,1.38,5.2,1.9,0.101,28.0,10.919576438077586,374.5945531775667,4.288478149965014
2015-05-12T09:44:38.980Z,27.7617,85.9301,10.0,4.2,mb,,131.0,0.804,0.92,5.3,1.9,0.159,11.0,8.486570187601345,226.26338883957507,4.199076760127543
2015-05-12T09:38:19.460Z,27.6658,86.2505,10.0,4.5,mb,,194.0,0.576,0.3,7.5,2.0,0.242,5.0,15.894719573798147,793.6985977991508,4.463417222263276
2015-05-12T09:02:09.780Z,27.7318,86.0672,10.0,4.6,mb,,79.0,0.696,0.78,6.9,1.8,0.083,43.0,18.581626128585935,1084.7191512713061,4.548833850107908
2015-05-12T08:59:39.740Z,27.7729,86.195,10.0,4.5,mb,,149.0,0.576,1.06,4.2,1.9,0.081,51.0,15.894719573798147,793.6985977991508,4.463417222263276
2015-05-12T08:52:30.290Z,28.0084,86.3358,10.0,4.0,mb,,142.0,0.423,0.49,7.5,1.8,0.196,11.0,2.1662344698955907,14.742149025978918,4.016740240475781
2015-05-12T08:51:32.500Z,27.6469,86.2138,10.0,4.3,mb,,165.0,0.613,0.53,8.7,1.9,0.177,11.0,10.919576438077586,374.5945531775667,4.288478149965014
2015-05-12T08:39:07.940Z,27.7431,86.01,10.0,4.0,mb,,171.0,0.741,0.4,5.7,1.8,0.173,13.0,2.1662344698955907,14.742149025978918,4.016740240475781
2015-05-12T08:35:36.710Z,27.7042,86.2108,10.0,4.4,mb,,170.0,0.589,0.36,7.5,1.5,0.138,19.0,13.359590422338158,560.7072353058386,4.376612577921321
2015-05-12T08:34:24.130Z,28.1877,86.0143,16.34,4.3,mb,,162.0,0.74,0.36,10.2,5.7,0.101,32.0,0.0,0.0,3.9204229293861865
2015-05-12T08:24:24.340Z,27.7486,86.0692,10.0,4.8,mb,,80.0,0.689,0.37,3.2,1.9,0.058,93.0,24.58150241840967,1898.3081813468687,4.715300054481624
2015-05-12T08:21:10.760Z,27.7298,86.1316,15.0,5.2,mb,,42.0,0.643,0.7,6.7,1.8,0.043,175.0,38.52053567019747,4661.594668354717,4.812042219034793
2015-05-12T08:13:54.600Z,27.7629,85.7574,15.0,5.1,mb,,49.0,0.953,0.64,8.3,1.8,0.046,152.0,33.90184954298556,3610.7436568011876,4.725428892598673
2015-05-12T08:11:22.590Z,27.4654,85.7306,10.0,4.3,mb,,82.0,5.242,0.52,7.2,1.8,0.093,42.0,10.919576438077586,374.5945531775667,4.288478149965014
2015-05-12T08:06:05.530Z,27.7221,86.0161,15.0,5.0,mb,,42.0,0.742,0.78,5.7,1.8,0.044,168.0,29.623183331541046,2756.8511968472376,4.637466922615768
2015-05-12T08:05:25.540Z,27.9198,86.1387,10.0,4.2,mb,,99.0,0.596,0.29,4.8,1.9,0.141,21.0,8.486570187601345,226.26338883957507,4.199076760127543
2015-05-12T07:57:17.360Z,27.7351,86.5554,10.0,4.5,mb,,156.0,0.317,0.88,6.2,1.9,0.102,31.0,15.894719573798147,793.6985977991508,4.463417222263276
2015-05-12T07:48:51.490Z,27.7224,86.2576,10.0,4.9,mb,,78.0,0.544,0.7,6.9,1.9,0.055,103.0,27.96917822733938,2457.589175414405,4.796266326866449
2015-05-12T07:47:46.350Z,27.5579,86.039,10.0,4.9,mb,,80.0,0.792,0.73,5.1,1.8,0.054,106.0,27.96917822733938,2457.589175414405,4.796266326866449
2015-05-12T07:43:17.310Z,27.6521,86.2387,11.77,4.9,mb,,70.0,0.592,0.49,5.7,4.5,0.064,77.0,27.271634177523634,2336.5344998528944,4.705195679747932
2015-05-12T07:36:54.490Z,27.625,86.1617,15.0,6.3,mww,,10.0,0.664,0.93,7.5,1.7,,,123.81732138798382,48162.905838379724,5.663832273322518
2015-05-12T07:34:22.630Z,27.7458,86.2449,10.0,5.4,mb,,45.0,0.544,0.78,6.3,1.8,0.042,196.0,50.214587868455816,7921.541064995275,5.1775607725900485
2015-05-12T07:33:09.760Z,27.7477,86.0099,10.0,4.1,mb,,98.0,0.74,0.58,8.6,1.9,0.165,12.0,5.87173786997333,108.3136500315039,4.108474632846999
2015-05-12T07:23:32.670Z,27.5589,86.2566,10.0,5.0,mb,,243.0,0.632,0.36,6.7,2.0,0.096,35.0,31.662801371547832,3149.5502785459616,4.875679822364176
2015-05-12T07:22:15.290Z,27.5796,86.2338,10.0,4.8,mb,,48.0,0.636,0.62,6.9,1.9,0.089,39.0,24.58150241840967,1898.3081813468687,4.715300054481624
2015-05-12T07:20:47.170Z,27.3073,86.2369,10.0,4.9,mb,,100.0,0.825,0.65,7.2,1.9,0.09,43.0,27.96917822733938,2457.589175414405,4.796266326866449
2015-05-12T07:17:20.640Z,27.7141,86.2177,13.01,5.5,mb,,66.0,0.579,0.89,6.8,4.7,0.043,183.0,55.359926919808494,9628.10657661126,5.137385527478115
2015-05-12T07:05:19.730Z,27.8087,86.0655,15.0,7.3,mww,,11.0,0.677,0.92,7.4,1.7,,,282.3462749149845,250445.94094805582,6.2821907855793455
2015-05-11T14:52:40.550Z,27.7589,85.789,10.0,4.3,mb,,166.0,0.927,0.65,7.6,1.9,0.099,29.0,10.919576438077586,374.5945531775667,4.288478149965014
2015-05-11T14:50:59.760Z,27.9326,85.9366,10.0,4.3,mb,,65.0,0.774,0.7,4.1,1.9,0.09,35.0,10.919576438077586,374.5945531775667,4.288478149965014
2015-05-11T03:20:36.900Z,28.0071,85.827,10.0,4.0,mb,,170.0,0.872,1.09,7.6,1.9,0.138,14.0,2.1662344698955907,14.742149025978918,4.016740240475781
2015-05-10T09:38:32.750Z,27.4485,85.5858,10.0,4.3,mb,,149.0,1.199,0.6,6.5,1.8,0.119,25.0,10.919576438077586,374.5945531775667,4.288478149965014
2015-05-10T00:49:52.770Z,27.7776,86.001,10.0,4.0,mb,,166.0,0.74,0.76,7.0,1.9,0.122,18.0,2.1662344698955907,14.742149025978918,4.016740240475781
2015-05-08T21:23:27.700Z,27.9634,85.0259,10.0,4.0,mb,,170.0,1.579,1.0,8.5,1.9,0.106,24.0,2.1662344698955907,14.742149025978918,4.016740240475781
2015-05-08T07:47:54.460Z,27.8668,85.9591,10.0,4.2,mb,,124.0,0.76,1.27,5.9,1.9,0.112,22.0,8.486570187601345,226.26338883957507,4.199076760127543
2015-05-08T00:32:33.960Z,27.6418,85.979,11.56,4.9,mb,,77.0,0.802,0.66,5.7,4.2,0.044,164.0,27.361310836885632,2351.926104740627,4.715849756336597
2015-05-07T16:30:47.390Z,27.8141,85.4869,10.0,3.4,mb,,192.0,1.181,0.92,12.3,2.0,0.245,4.0,0.0,0.0,3.446421988173244
2015-05-06T21:56:28.670Z,27.5965,85.1661,10.0,3.5,mb,,193.0,1.502,1.32,8.3,2.0,0.22,5.0,0.0,0.0,3.5435098204176256
2015-05-06T15:13:19.940Z,27.6348,85.5861,10.0,3.8,mb,,170.0,1.132,1.17,7.3,1.9,0.153,11.0,0.0,0.0,3.8301533610239815
2015-05-05T11:15:40.410Z,27.6962,85.9535,10.0,4.1,mb,,166.0,0.803,1.27,6.8,2.0,0.166,10.0,5.87173786997333,108.3136500315039,4.108474632846999
2015-05-05T10:38:47.120Z,27.7226,85.9867,10.0,4.1,mb,,168.0,0.767,0.59,8.4,1.9,0.139,14.0,5.87173786997333,108.3136500315039,4.108474632846999
2015-05-04T14:19:03.470Z,27.8147,85.9036,10.0,4.2,mb,,168.0,0.816,0.5,5.6,1.9,0.141,14.0,8.486570187601345,226.26338883957507,4.199076760127543
2015-05-04T12:17:13.450Z,27.7864,86.0097,10.0,4.1,mb,,116.0,0.73,0.59,5.5,1.8,0.098,32.0,5.87173786997333,108.3136500315039,4.108474632846999
2015-05-04T08:50:00.820Z,27.926,86.1704,10.0,4.0,mb,,174.0,0.568,1.08,9.0,2.0,0.231,5.0,2.1662344698955907,14.742149025978918,4.016740240475781
2015-05-04T01:15:07.070Z,27.6326,85.9746,10.0,4.5,mb,,54.0,0.809,0.89,6.0,1.8,0.066,66.0,15.894719573798147,793.6985977991508,4.463417222263276
2015-05-03T23:14:15.460Z,27.7349,85.8791,10.0,4.2,mb,,184.0,0.855,0.71,4.3,1.9,0.078,46.0,8.486570187601345,226.26338883957507,4.199076760127543
2015-05-03T11:35:11.090Z,27.6999,84.9331,10.0,4.3,mb,,87.0,1.683,0.67,8.2,1.9,0.079,45.0,10.919576438077586,374.5945531775667,4.288478149965014
2015-05-03T02:15:26.910Z,27.7665,84.6005,10.0,4.0,mb,,162.0,1.967,1.19,10.6,1.9,0.195,11.0,2.1662344698955907,14.742149025978918,4.016740240475781
2015-05-02T21:44:09.970Z,27.6395,85.9324,10.0,4.3,mb,,77.0,0.841,0.81,6.1,1.9,0.07,57.0,10.919576438077586,374.5945531775667,4.288478149965014
2015-05-02T15:16:18.050Z,27.6545,85.9494,10.0,4.3,mb,,87.0,0.821,0.94,6.1,1.5,0.08,44.0,10.919576438077586,374.5945531775667,4.288478149965014
2015-05-02T09:41:16.290Z,27.9171,85.369,10.0,4.2,mb,,106.0,1.277,0.51,6.1,1.9,0.128,17.0,8.486570187601345,226.26338883957507,4.199076760127543
2015-05-02T05:35:46.930Z,28.3143,84.6576,10.0,4.9,mb,,91.0,1.935,0.86,7.9,1.8,0.058,93.0,27.96917822733938,2457.589175414405,4.796266326866449
2015-05-02T03:47:03.740Z,27.7972,85.3532,10.0,4.0,mb,,190.0,1.301,0.68,12.3,2.0,0.173,10.0,2.1662344698955907,14.742149025978918,4.016740240475781
2015-05-02T01:03:10.740Z,27.7751,85.9042,10.0,4.0,mb,,180.0,0.824,0.92,9.5,2.0,0.211,7.0,2.1662344698955907,14.742149025978918,4.016740240475781
2015-05-02T00:10:49.450Z,27.3802,85.1775,10.0,4.0,mb,,93.0,5.722,1.03,4.2,1.9,0.101,26.0,2.1662344698955907,14.742149025978918,4.016740240475781
2015-05-01T22:10:09.980Z,27.6072,85.5759,10.0,4.0,mb,,119.0,1.149,0.51,8.9,1.7,0.116,20.0,2.1662344698955907,14.742149025978918,4.016740240475781
2015-05-01T18:47:16.520Z,27.7249,84.6329,10.0,4.1,mb,,169.0,1.943,1.01,6.4,2.0,0.234,5.0,5.87173786997333,108.3136500315039,4.108474632846999
2015-05-01T04:39:19.300Z,28.5301,86.2397,10.0,4.0,mb,,87.0,0.76,1.24,3.4,2.0,0.259,4.0,2.1662344698955907,14.742149025978918,4.016740240475781
2015-04-30T17:34:37.620Z,28.2119,85.8071,10.0,3.8,mb,,162.0,0.922,0.86,7.9,1.6,0.12,18.0,0.0,0.0,3.8301533610239815
2015-04-30T00:37:10.880Z,27.9057,84.6664,10.0,4.3,mb,,99.0,1.898,0.8,8.9,1.9,0.075,50.0,10.919576438077586,374.5945531775667,4.288478149965014
2015-04-29T22:10:52.110Z,28.33,87.2319,10.0,4.5,mb,,55.0,3.675,0.85,6.7,1.9,0.062,75.0,15.894719573798147,793.6985977991508,4.463417222263276
2015-04-29T17:16:33.470Z,27.8677,85.7031,10.0,4.4,mb,,116.0,5.099,1.29,8.5,1.9,0.08,45.0,13.359590422338158,560.7072353058386,4.376612577921321
2015-04-29T17:16:14.460Z,28.0838,84.676,18.76,4.1,mb,,165.0,5.881,1.03,9.9,4.8,0.094,31.0,0.0,0.0,3.607022265264055
2015-04-29T11:27:45.310Z,27.864,85.4086,10.0,4.6,mb,,94.0,5.342,0.59,8.6,1.8,0.06,83.0,18.581626128585935,1084.7191512713061,4.548833850107908
2015-04-29T09:39:14.120Z,27.7449,84.564,10.0,4.2,mb,,149.0,6.084,0.67,11.4,1.9,0.103,27.0,8.486570187601345,226.26338883957507,4.199076760127543
2015-04-28T21:44:23.980Z,27.9577,85.8817,10.0,4.1,mb,,177.0,0.822,0.71,7.0,1.8,0.158,11.0,5.87173786997333,108.3136500315039,4.108474632846999
2015-04-27T23:20:28.520Z,27.9641,85.2821,10.0,4.2,mb,,53.0,1.353,1.0,5.2,1.8,0.083,40.0,8.486570187601345,226.26338883957507,4.199076760127543
2015-04-27T21:27:41.790Z,27.841,85.7877,10.0,4.2,mb,,166.0,0.913,0.68,7.1,1.9,0.091,34.0,8.486570187601345,226.26338883957507,4.199076760127543
2015-04-27T21:14:57.990Z,27.8402,85.4008,10.0,3.7,mb,,157.0,1.254,0.64,10.0,2.0,0.169,9.0,0.0,0.0,3.7354397686294476
2015-04-27T18:59:57.010Z,28.0066,84.682,21.35,4.8,mb,,61.0,1.884,0.74,3.9,4.5,0.055,102.0,15.761591326585032,780.4588293649147,4.1847888306600165
2015-04-27T15:51:46.110Z,27.6728,85.1212,10.0,4.3,mb,,140.0,5.65,0.81,10.6,1.9,0.087,37.0,10.919576438077586,374.5945531775667,4.288478149965014
2015-04-27T14:57:00.080Z,27.8065,85.8855,10.0,4.0,mb,,146.0,4.974,0.85,7.0,1.9,0.106,24.0,2.1662344698955907,14.742149025978918,4.016740240475781
2015-04-27T14:42:39.210Z,27.6802,85.6085,10.0,4.3,mb,,128.0,5.249,0.32,8.9,1.9,0.153,12.0,10.919576438077586,374.5945531775667,4.288478149965014
2015-04-27T13:17:47.600Z,28.0231,84.5829,19.52,4.3,mb,,187.0,5.978,0.66,9.8,5.3,0.178,9.0,0.0,0.0,3.7711684315992797
2015-04-27T12:35:53.930Z,26.8644,88.055,31.71,5.1,mb,,29.0,2.58,0.73,6.6,3.3,0.041,201.0,19.20446048279487,1158.6548782914015,4.140478956905496
2015-04-27T06:00:00.390Z,27.8347,86.1373,10.0,4.0,mb,,109.0,0.738,1.11,6.3,1.9,0.144,13.0,2.1662344698955907,14.742149025978918,4.016740240475781
2015-04-27T04:14:44.840Z,27.9352,84.7251,10.0,4.1,mb,,128.0,5.886,1.3,11.6,1.9,0.13,16.0,5.87173786997333,108.3136500315039,4.108474632846999
2015-04-27T01:15:51.060Z,27.4565,85.7818,10.0,4.3,mb,,173.0,5.205,0.95,12.5,1.9,0.154,12.0,10.919576438077586,374.5945531775667,4.288478149965014
2015-04-27T00:39:16.330Z,27.6794,84.9579,10.0,4.1,mb,,137.0,0.318,0.73,5.4,1.8,0.094,31.0,5.87173786997333,108.3136500315039,4.108474632846999
2015-04-26T22:32:34.720Z,27.5298,85.6751,10.0,4.6,mb,,69.0,1.094,0.53,4.7,1.7,0.07,61.0,18.581626128585935,1084.7191512713061,4.548833850107908
2015-04-26T20:39:20.030Z,27.8804,85.7813,10.0,4.3,mb,,69.0,5.03,0.96,7.2,1.9,0.122,19.0,10.919576438077586,374.5945531775667,4.288478149965014
2015-04-26T18:54:49.080Z,27.9888,84.7645,10.0,4.4,mb,,146.0,1.81,0.82,6.0,1.9,0.077,49.0,13.359590422338158,560.7072353058386,4.376612577921321
2015-04-26T18:06:31.490Z,27.7579,85.3686,10.0,4.2,mb,,108.0,1.293,0.88,8.8,1.9,0.186,8.0,8.486570187601345,226.26338883957507,4.199076760127543
2015-04-26T16:26:06.730Z,27.8297,85.865,14.0,5.0,mwb,,22.0,0.847,0.73,5.6,1.7,0.044,50.0,30.10868629970579,2847.9573838013416,4.683080544050984
2015-04-26T14:57:04.380Z,28.1223,84.6464,10.0,4.3,mb,,141.0,1.92,0.6,5.8,1.7,0.079,45.0,10.919576438077586,374.5945531775667,4.288478149965014
2015-04-26T14:44:50.510Z,27.686,85.9657,10.0,4.5,mb,,149.0,0.797,0.71,4.9,1.9,0.081,45.0,15.894719573798147,793.6985977991508,4.463417222263276
2015-04-26T13:11:15.170Z,27.8112,85.4088,10.0,4.5,mb,,79.0,5.362,0.6,8.9,1.9,0.069,61.0,15.894719573798147,793.6985977991508,4.463417222263276
2015-04-26T12:34:41.310Z,27.5683,85.7179,8.42,4.0,mb,,144.0,0.384,0.39,6.7,3.9,0.122,22.0,5.813447495124028,106.17380497899485,4.1364909462309605
2015-04-26T09:42:03.630Z,27.4422,85.9371,10.0,4.3,mb,,181.0,0.93,0.81,12.7,1.9,0.201,10.0,10.919576438077586,374.5945531775667,4.288478149965014
2015-04-26T08:46:17.050Z,27.9232,85.8032,10.0,4.4,mb,,124.0,0.893,0.51,5.0,1.9,0.081,44.0,13.359590422338158,560.7072353058386,4.376612577921321
2015-04-26T08:40:55.820Z,27.7307,85.854,10.0,4.6,mb,,85.0,0.877,0.91,6.2,1.8,0.062,77.0,18.581626128585935,1084.7191512713061,4.548833850107908
2015-04-26T08:22:12.350Z,28.0119,85.8449,10.0,4.4,mb,,140.0,0.856,0.79,6.6,1.9,0.162,11.0,13.359590422338158,560.7072353058386,4.376612577921321
2015-04-26T08:10:37.340Z,27.8072,85.781,10.0,4.3,mb,,154.0,0.924,0.98,5.8,1.9,0.142,14.0,10.919576438077586,374.5945531775667,4.288478149965014
2015-04-26T07:50:26.020Z,27.7325,86.0078,10.0,4.2,mb,,92.0,0.746,0.9,6.5,1.9,0.159,11.0,8.486570187601345,226.26338883957507,4.199076760127543
2015-04-26T07:43:17.480Z,27.0336,85.9863,10.0,4.3,mb,,147.0,1.177,0.72,6.8,1.9,0.143,15.0,10.919576438077586,374.5945531775667,4.288478149965014
2015-04-26T07:36:26.570Z,27.7555,85.9822,10.0,4.7,mb,,141.0,0.761,0.72,6.5,1.9,0.079,49.0,21.46437583000791,1447.3927759372527,4.632809991687335
2015-04-26T07:26:04.190Z,27.7004,85.9136,10.0,4.9,mb,,40.0,0.835,0.57,5.1,1.8,0.055,102.0,27.96917822733938,2457.589175414405,4.796266326866449
2015-04-26T07:09:10.670Z,27.7711,86.0173,22.91,6.7,mww,,13.0,0.727,0.86,6.6,2.9,,,175.65375903936226,96931.46334400446,5.7818263466279145
2015-04-26T04:58:40.040Z,27.9966,84.7082,10.0,4.5,mb,,125.0,1.86,1.05,9.5,1.9,0.086,42.0,15.894719573798147,793.6985977991508,4.463417222263276
2015-04-26T04:50:29.550Z,28.0281,85.3595,10.0,4.1,mb,,146.0,1.286,1.07,9.0,1.8,0.198,7.0,5.87173786997333,108.3136500315039,4.108474632846999
2015-04-26T04:40:16.330Z,28.1724,84.6699,10.0,4.0,mb,,168.0,1.904,1.46,8.6,1.9,0.211,8.0,2.1662344698955907,14.742149025978918,4.016740240475781
2015-04-26T03:21:36.160Z,27.469,85.5624,10.0,4.3,mb,,135.0,1.21,1.16,7.5,1.9,0.09,35.0,10.919576438077586,374.5945531775667,4.288478149965014
2015-04-26T02:48:39.070Z,28.2272,84.5858,10.0,4.5,mb,,62.0,1.984,0.87,8.7,1.9,0.065,70.0,15.894719573798147,793.6985977991508,4.463417222263276
2015-04-26T02:33:26.940Z,27.6257,86.0531,10.0,4.1,mb,,174.0,0.749,0.79,7.6,1.9,0.213,6.0,5.87173786997333,108.3136500315039,4.108474632846999
2015-04-26T02:02:07.850Z,27.5936,85.4424,10.0,4.2,mb,,151.0,1.266,0.92,10.0,1.9,0.263,5.0,8.486570187601345,226.26338883957507,4.199076760127543
2015-04-25T23:55:46.070Z,27.6098,85.8354,6.57,4.1,mb,,144.0,0.932,0.81,5.3,4.2,0.093,32.0,9.55575248809213,286.8663826575451,4.371121558675071
2015-04-25T23:41:53.750Z,27.6678,86.0726,15.68,4.5,mb,,86.0,0.715,0.71,5.5,2.9,0.057,91.0,10.333426843486238,335.458353524175,4.145389699965786
2015-04-25T23:16:15.450Z,27.7993,84.8715,13.61,5.1,mww,,26.0,1.724,0.67,7.0,3.1,,,34.483377190107554,3735.6781992898805,4.786910772339425
2015-04-25T23:12:52.060Z,27.6038,86.0873,9.21,4.0,mb,,160.0,0.732,0.3,4.6,5.1,0.122,18.0,4.457406395939663,62.418644977592216,4.07536518139159
2015-04-25T21:07:20.000Z,27.7657,85.8114,23.88,4.6,mb,,86.0,0.906,0.69,4.9,4.4,0.051,117.0,0.0,0.0,3.8939448421442613
2015-04-25T20:32:48.240Z,27.6437,85.9241,10.0,4.4,mb,,79.0,0.846,0.71,6.0,1.9,0.066,67.0,13.359590422338158,560.7072353058386,4.376612577921321
2015-04-25T20:07:01.970Z,27.9754,84.5282,10.0,4.4,mb,,40.0,2.019,0.72,8.7,1.8,0.089,36.0,13.359590422338158,560.7072353058386,4.376612577921321
2015-04-25T18:58:34.530Z,27.6376,85.3501,14.2,4.2,mb,,107.0,0.028,0.86,9.1,3.2,0.084,39.0,0.0,0.0,3.9374770850261904
2015-04-25T17:46:17.590Z,28.2139,86.1072,35.26,4.5,mb,,182.0,0.672,1.33,13.0,17.1,0.272,5.0,0.0,0.0,3.44004316381038
2015-04-25T17:42:50.910Z,28.238,85.829,10.0,5.1,mwr,,31.0,0.911,0.99,5.7,1.7,0.11,8.0,35.69783470233496,4003.4427384999112,4.953520920864531
2015-04-25T16:27:21.660Z,27.8695,85.6359,10.0,4.9,mb,,76.0,1.044,0.89,3.2,1.8,0.047,143.0,27.96917822733938,2457.589175414405,4.796266326866449
2015-04-25T14:10:03.730Z,27.7109,85.8748,10.0,4.6,mb,,72.0,0.865,0.78,5.5,1.7,0.077,50.0,18.581626128585935,1084.7191512713061,4.548833850107908
2015-04-25T13:36:14.620Z,27.7266,85.9826,10.0,4.7,mb,,166.0,0.769,0.98,3.2,1.9,0.079,48.0,21.46437583000791,1447.3927759372527,4.632809991687335
2015-04-25T13:30:28.030Z,28.0768,85.0378,10.0,4.6,mb,,86.0,1.572,1.22,7.8,1.9,0.084,42.0,18.581626128585935,1084.7191512713061,4.548833850107908
2015-04-25T13:29:31.610Z,27.8055,85.7909,10.0,4.3,mb,,98.0,0.916,0.94,5.3,1.9,0.123,19.0,10.919576438077586,374.5945531775667,4.288478149965014
2015-04-25T12:44:05.170Z,28.0979,84.5594,10.0,5.2,mb,,39.0,1.995,0.91,4.0,1.8,0.038,234.0,40.11024393242897,5054.29375005344,5.029779772155868
2015-04-25T12:39:52.630Z,27.4844,86.0952,10.0,4.0,mb,,101.0,0.791,0.96,4.5,1.9,0.108,23.0,2.1662344698955907,14.742149025978918,4.016740240475781
2015-04-25T12:17:54.790Z,27.9261,85.449,10.0,4.5,mb,,79.0,1.206,0.88,7.6,1.9,0.069,61.0,15.894719573798147,793.6985977991508,4.463417222263276
2015-04-25T12:12:14.790Z,27.6645,85.8954,10.0,4.3,mb,,127.0,0.862,0.8,3.2,1.9,0.08,44.0,10.919576438077586,374.5945531775667,4.288478149965014
2015-04-25T12:01:10.730Z,27.8638,85.9255,10.0,4.2,mb,,161.0,0.789,0.69,6.5,1.9,0.098,29.0,8.486570187601345,226.26338883957507,4.199076760127543
2015-04-25T11:41:47.700Z,28.0596,85.0566,10.0,4.2,mb,,102.0,1.555,0.77,6.2,1.9,0.093,32.0,8.486570187601345,226.26338883957507,4.199076760127543
2015-04-25T11:23:47.560Z,27.6483,85.4309,10.0,4.5,mb,,46.0,1.261,0.68,8.0,1.9,0.096,32.0,15.894719573798147,793.6985977991508,4.463417222263276
2015-04-25T11:18:30.100Z,27.4923,86.0058,10.0,4.4,mb,,170.0,0.852,0.48,7.3,1.9,0.138,15.0,13.359590422338158,560.7072353058386,4.376612577921321
2015-04-25T11:15:18.020Z,27.6021,86.0505,10.0,4.0,mb,,150.0,0.762,0.81,5.0,1.8,0.125,17.0,2.1662344698955907,14.742149025978918,4.016740240475781
2015-04-25T11:05:01.240Z,27.933,85.5471,10.0,4.2,mb,,69.0,1.119,0.86,8.1,1.9,0.093,32.0,8.486570187601345,226.26338883957507,4.199076760127543
2015-04-25T10:53:43.530Z,27.8061,85.8842,10.0,4.6,mb,,52.0,0.835,0.75,6.0,1.9,0.065,70.0,18.581626128585935,1084.7191512713061,4.548833850107908
2015-04-25T10:52:00.490Z,27.5075,85.6304,10.0,4.0,mb,,137.0,1.139,0.65,5.7,1.9,0.138,15.0,2.1662344698955907,14.742149025978918,4.016740240475781
2015-04-25T10:50:45.880Z,28.1447,84.6237,10.0,4.2,mb,,170.0,1.942,0.28,8.0,1.9,0.2,7.0,8.486570187601345,226.26338883957507,4.199076760127543
2015-04-25T10:40:35.550Z,27.6033,85.9565,10.0,4.8,mb,,43.0,0.836,0.81,5.9,1.9,0.047,141.0,24.58150241840967,1898.3081813468687,4.715300054481624
2015-04-25T10:40:13.500Z,27.7704,85.8322,10.0,4.1,mb,,147.0,0.887,0.65,3.2,1.9,0.1,29.0,5.87173786997333,108.3136500315039,4.108474632846999
2015-04-25T10:23:17.670Z,27.7999,85.8035,10.0,4.4,mb,,143.0,0.906,0.8,6.5,1.9,0.086,39.0,13.359590422338158,560.7072353058386,4.376612577921321
2015-04-25T10:10:32.840Z,28.2838,84.7255,10.0,4.2,mb,,57.0,1.87,0.92,4.6,1.9,0.088,36.0,8.486570187601345,226.26338883957507,4.199076760127543
2015-04-25T09:53:32.600Z,27.5326,85.7255,10.0,4.0,mb,,123.0,1.052,0.59,7.8,1.7,0.173,11.0,2.1662344698955907,14.742149025978918,4.016740240475781
2015-04-25T09:43:00.840Z,28.0668,84.8842,10.0,4.4,mb,,159.0,1.707,0.6,8.3,1.8,0.088,37.0,13.359590422338158,560.7072353058386,4.376612577921321
2015-04-25T09:30:29.690Z,27.9945,85.5209,10.0,4.9,mb,,42.0,1.142,0.68,6.8,1.8,0.043,173.0,27.96917822733938,2457.589175414405,4.796266326866449
2015-04-25T09:28:00.080Z,28.0061,85.3104,10.0,4.4,mb,,77.0,1.328,0.85,8.1,1.9,0.1,32.0,13.359590422338158,560.7072353058386,4.376612577921321
2015-04-25T09:22:36.900Z,27.7192,85.7503,10.0,4.7,mb,,50.0,0.969,0.81,5.3,1.9,0.088,39.0,21.46437583000791,1447.3927759372527,4.632809991687335
2015-04-25T09:17:02.310Z,28.3902,87.3173,10.0,5.7,mb,,22.0,0.619,0.7,5.8,1.4,0.033,328.0,69.1395529289307,15017.685553292238,5.3876752963648995
2015-04-25T09:03:14.960Z,27.8743,85.3426,10.0,4.8,mb,,82.0,1.302,0.61,7.3,1.8,0.055,102.0,24.58150241840967,1898.3081813468687,4.715300054481624
2015-04-25T09:01:51.540Z,27.8084,85.0718,10.0,4.4,mb,,146.0,1.547,0.46,6.5,1.9,0.144,14.0,13.359590422338158,560.7072353058386,4.376612577921321
2015-04-25T08:55:55.960Z,27.5866,85.5058,10.0,5.3,mb,,41.0,1.215,0.8,6.6,1.8,0.045,168.0,44.936694686307455,6343.838557890326,5.104456439181046
2015-04-25T08:49:09.080Z,27.7404,84.8893,10.0,4.4,mb,,98.0,1.716,0.63,5.5,1.7,0.074,53.0,13.359590422338158,560.7072353058386,4.376612577921321
2015-04-25T08:36:05.260Z,27.7292,85.1727,10.0,4.2,mb,,123.0,1.469,0.62,7.8,1.6,0.092,33.0,8.486570187601345,226.26338883957507,4.199076760127543
2015-04-25T08:31:32.430Z,27.6708,85.9539,10.0,4.6,mb,,166.0,0.812,0.78,7.2,1.9,0.107,26.0,18.581626128585935,1084.7191512713061,4.548833850107908
2015-04-25T08:29:24.560Z,27.9351,84.6218,10.0,5.0,mb,,99.0,1.937,0.68,8.2,1.8,0.05,129.0,31.662801371547832,3149.5502785459616,4.875679822364176
2015-04-25T08:22:47.620Z,27.8166,85.5666,10.0,4.6,mb,,149.0,1.111,0.66,8.6,1.9,0.1,30.0,18.581626128585935,1084.7191512713061,4.548833850107908
2015-04-25T08:20:48.800Z,27.6429,85.16,10.0,4.9,mb,,69.0,1.496,0.79,7.2,1.8,0.057,96.0,27.96917822733938,2457.589175414405,4.796266326866449
2015-04-25T08:20:11.160Z,27.8549,85.7931,10.0,4.7,mb,,82.0,0.907,0.72,4.2,1.8,0.063,76.0,21.46437583000791,1447.3927759372527,4.632809991687335
2015-04-25T08:16:59.230Z,27.7014,85.7563,10.0,4.9,mb,,76.0,0.969,0.55,6.2,1.8,0.051,123.0,27.96917822733938,2457.589175414405,4.796266326866449
2015-04-25T08:05:37.950Z,27.8132,85.7943,10.0,4.6,mb,,104.0,0.912,0.75,5.6,1.4,0.058,90.0,18.581626128585935,1084.7191512713061,4.548833850107908
2015-04-25T07:59:14.660Z,27.8426,85.7676,10.0,4.4,mb,,166.0,0.931,0.57,5.4,1.9,0.098,30.0,13.359590422338158,560.7072353058386,4.376612577921321
2015-04-25T07:55:44.070Z,27.846,85.4875,10.0,4.4,mb,,146.0,1.177,0.65,3.9,1.9,0.088,37.0,13.359590422338158,560.7072353058386,4.376612577921321
2015-04-25T07:47:01.480Z,27.8172,85.5955,10.0,5.0,mb,,79.0,1.085,0.59,6.9,1.8,0.052,118.0,31.662801371547832,3149.5502785459616,4.875679822364176
2015-04-25T07:39:33.970Z,27.6821,85.7383,10.0,4.5,mb,,99.0,0.989,0.66,6.5,1.3,0.076,51.0,15.894719573798147,793.6985977991508,4.463417222263276
2015-04-25T07:34:55.190Z,27.9633,85.6099,10.0,4.3,mb,,166.0,1.063,0.54,7.8,1.9,0.133,16.0,10.919576438077586,374.5945531775667,4.288478149965014
2015-04-25T07:33:47.410Z,27.6891,84.9918,10.0,4.3,mb,,157.0,1.634,0.77,8.9,1.9,0.108,24.0,10.919576438077586,374.5945531775667,4.288478149965014
2015-04-25T07:23:38.520Z,27.8053,85.8924,10.0,4.4,mb,,119.0,0.828,0.73,7.0,1.9,0.088,37.0,13.359590422338158,560.7072353058386,4.376612577921321
2015-04-25T07:22:55.740Z,27.8854,85.8478,10.0,4.2,mb,,149.0,0.856,0.88,7.4,1.9,0.136,15.0,8.486570187601345,226.26338883957507,4.199076760127543
2015-04-25T07:20:24.230Z,27.7574,85.3405,10.0,4.0,mb,,120.0,1.317,0.75,6.7,1.9,0.116,20.0,2.1662344698955907,14.742149025978918,4.016740240475781
2015-04-25T07:16:55.060Z,27.8818,85.6791,10.0,4.7,mb,,81.0,1.005,0.85,3.1,1.8,0.064,75.0,21.46437583000791,1447.3927759372527,4.632809991687335
2015-04-25T07:13:44.150Z,27.615,85.7307,10.0,4.8,mb,,105.0,1.017,0.72,6.4,1.5,0.07,63.0,24.58150241840967,1898.3081813468687,4.715300054481624
2015-04-25T07:07:59.920Z,27.7879,85.914,10.0,4.9,mb,,57.0,0.812,0.73,6.0,1.8,0.054,108.0,27.96917822733938,2457.589175414405,4.796266326866449
2015-04-25T07:05:28.010Z,27.9482,85.5837,10.0,4.3,mb,,97.0,1.086,0.84,5.8,1.9,0.116,21.0,10.919576438077586,374.5945531775667,4.288478149965014
2015-04-25T07:05:00.930Z,28.029,85.3682,10.0,4.2,mb,,104.0,1.278,0.68,5.6,1.8,0.112,22.0,8.486570187601345,226.26338883957507,4.199076760127543
2015-04-25T07:03:49.750Z,27.964,84.6843,10.0,4.4,mb,,147.0,1.881,0.45,4.3,1.8,0.084,41.0,13.359590422338158,560.7072353058386,4.376612577921321
2015-04-25T07:03:09.350Z,27.4173,86.0237,10.0,4.4,mb,,110.0,0.882,0.92,6.0,1.9,0.144,14.0,13.359590422338158,560.7072353058386,4.376612577921321
2015-04-25T06:58:27.570Z,27.7219,86.0061,10.0,5.1,mb,,76.0,0.751,0.55,6.8,1.8,0.077,55.0,35.69783470233496,4003.4427384999112,4.953520920864531
2015-04-25T06:56:33.860Z,27.8822,85.7505,10.0,5.5,mb,,39.0,0.942,0.65,3.0,1.8,0.053,123.0,55.98197574725759,9845.693597958158,5.24911202310091
2015-04-25T06:53:42.750Z,27.672,85.2009,10.0,5.0,mb,,42.0,1.455,0.65,8.0,1.8,0.095,35.0,31.662801371547832,3149.5502785459616,4.875679822364176
2015-04-25T06:45:21.320Z,28.2244,84.8216,10.0,6.6,mww,,16.0,1.778,0.64,7.4,1.7,,,162.423585464523,82879.67876661768,5.945948782379376
2015-04-25T06:44:39.040Z,27.5862,85.5012,10.0,4.6,mb,,117.0,1.219,1.14,5.0,1.9,0.114,23.0,18.581626128585935,1084.7191512713061,4.548833850107908
2015-04-25T06:37:58.690Z,27.7435,85.8302,10.0,5.1,mb,,76.0,0.895,0.65,4.2,1.8,0.057,101.0,35.69783470233496,4003.4427384999112,4.953520920864531
2015-04-25T06:32:48.870Z,27.7244,85.9479,10.0,4.6,mb,,128.0,0.799,1.07,8.0,1.9,0.126,19.0,18.581626128585935,1084.7191512713061,4.548833850107908
2015-04-25T06:29:46.130Z,27.8478,85.0717,10.0,4.7,mb,,98.0,1.543,0.58,8.4,1.9,0.159,12.0,21.46437583000791,1447.3927759372527,4.632809991687335
2015-04-25T06:28:05.780Z,27.7006,85.5043,10.0,4.8,mb,,75.0,1.186,0.96,7.9,1.8,0.087,41.0,24.58150241840967,1898.3081813468687,4.715300054481624
2015-04-25T06:25:55.260Z,27.687,85.5854,10.0,5.0,mb,,58.0,1.119,0.63,8.3,1.8,0.075,57.0,31.662801371547832,3149.5502785459616,4.875679822364176
2015-04-25T06:22:23.350Z,27.813,85.448,18.0,5.26,mw,,,,,,8.4,0.22,,40.26227215771291,5092.680528199984,4.744044197589325
2015-04-25T06:22:02.750Z,27.8006,85.1141,10.0,5.1,mb,,99.0,1.511,0.86,7.8,1.5,0.131,19.0,35.69783470233496,4003.4427384999112,4.953520920864531
2015-04-25T06:20:40.340Z,28.2046,84.492,10.0,5.4,mb,,151.0,2.064,0.88,4.3,1.9,0.13,20.0,50.214587868455816,7921.541064995275,5.1775607725900485
2015-04-25T06:18:10.870Z,27.6857,86.0213,10.0,5.6,mb,,42.0,0.751,0.76,7.4,1.9,0.109,30.0,62.27738352406545,12184.580708762925,5.3191382124875615
2015-04-25T06:15:22.910Z,27.6285,85.5398,10.0,6.1,mb,,43.0,1.173,1.02,8.0,1.8,0.089,48.0,103.01891340184135,33341.397735816,5.647870321113056
2015-04-25T06:11:25.950Z,28.2305,84.7314,8.22,7.8,mww,,12.0,1.857,0.96,7.3,2.9,,,395.56125058078413,491560.92773910763,6.58248963634892
2015-04-22T01:29:09.390Z,28.9068,82.5414,10.0,4.4,mb,,99.0,3.877,0.98,9.9,1.9,0.094,33.0,13.359590422338158,560.7072353058386,4.376612577921321
2015-04-21T14:02:15.550Z,28.8947,82.3938,10.0,5.0,mb,,35.0,7.668,0.7,7.9,1.8,0.045,162.0,31.662801371547832,3149.5502785459616,4.875679822364176
2015-04-02T00:56:38.960Z,28.7007,86.3309,57.33,4.6,mb,,75.0,4.31,0.54,8.6,6.6,0.062,77.0,0.0,0.0,3.071482619021643
2015-01-31T13:59:45.250Z,28.2987,83.9732,32.41,4.8,mb,,96.0,6.419,0.82,9.7,5.3,0.08,54.0,0.0,0.0,3.8216288147687663
2015-01-22T03:42:38.040Z,29.3853,81.0522,40.66,4.0,mb,,129.0,7.887,0.79,9.2,6.8,0.15,16.0,0.0,0.0,2.791334532969433
2015-01-05T19:41:44.280Z,28.8652,81.6126,34.47,4.2,mb,,98.0,8.351,0.79,10.9,4.3,0.124,18.0,0.0,0.0,3.155046592274882
2014-12-26T07:08:09.590Z,28.5278,87.3541,57.27,4.9,mb,,62.0,3.502,0.84,8.6,5.3,0.061,87.0,0.0,0.0,3.381009993159453
2014-12-18T15:32:12.950Z,27.7395,86.3702,33.6,5.0,mb,,40.0,4.612,0.84,7.2,4.3,0.054,110.0,0.0,0.0,3.989318576903624
2014-12-06T04:27:42.580Z,30.6685,80.0267,10.0,4.1,mb,,175.0,6.455,1.36,9.6,1.9,0.521,3.0,5.87173786997333,108.3136500315039,4.108474632846999
2014-11-25T15:49:07.720Z,28.2061,84.7414,21.05,4.4,mb,,135.0,5.79,0.68,10.0,5.1,0.085,47.0,0.0,0.0,3.8051712360253864
2014-10-01T18:52:43.750Z,30.4289,82.1111,44.3,4.2,mb,,163.0,7.847,0.99,10.2,8.4,0.124,22.0,0.0,0.0,2.914029513814227
2014-08-29T11:01:21.720Z,29.8382,87.8748,25.32,4.2,mb,,140.0,5.527,1.39,10.8,5.4,0.12,24.0,0.0,0.0,3.4410998621774334
2014-08-22T15:59:36.390Z,28.0356,87.7815,59.96,4.4,mb,,163.0,3.371,0.72,9.5,9.1,0.149,13.0,0.0,0.0,2.820081783956417
2014-08-03T05:57:30.560Z,29.2757,85.4967,10.0,5.2,mb,,38.0,4.926,0.61,,1.7,0.041,199.0,40.11024393242897,5054.29375005344,5.029779772155868
2014-08-03T05:46:22.020Z,29.1576,85.322,10.0,4.3,mb,,100.0,5.092,0.81,,1.9,0.101,28.0,10.919576438077586,374.5945531775667,4.288478149965014
2014-07-11T23:05:23.300Z,30.9429,86.3943,12.25,4.1,mb,,142.0,4.274,1.29,,4.0,0.101,27.0,0.0,0.0,3.9581087414874325
2014-07-07T16:37:12.900Z,29.4202,81.099,16.32,4.4,mb,,130.0,7.901,0.88,,5.5,0.179,14.0,3.483712998028029,38.12717348534383,4.018038680967204
2014-07-06T14:48:13.060Z,30.3227,80.3415,43.73,4.1,mb,,146.0,6.862,1.11,,6.9,0.213,7.0,0.0,0.0,2.8236265180154554
2014-07-03T11:35:00.300Z,30.2451,80.3384,35.0,4.0,mb,,167.0,6.9,1.3,,2.0,0.211,6.0,0.0,0.0,2.9354144329156187
2014-06-13T16:16:26.220Z,29.3624,86.2519,15.43,4.0,mb,,97.0,4.261,1.12,,2.3,0.164,13.0,0.0,0.0,3.674992386703755
2014-06-07T06:40:52.840Z,30.2645,81.6031,27.1,4.5,mb,,88.0,7.844,1.09,,4.4,0.18,9.0,0.0,0.0,3.6821271501561137
2013-12-08T14:19:43.030Z,27.7317,87.6012,44.81,4.0,mb,,141.0,3.667,0.94,,9.6,0.163,,0.0,0.0,2.6966290990726924
2013-11-03T06:47:22.450Z,29.3825,81.8689,38.58,4.0,mb,,163.0,8.071,0.61,,10.2,0.183,,0.0,0.0,2.842080566684174
2013-10-03T06:12:39.140Z,27.2898,88.4022,9.87,5.2,mb,,37.0,3.395,0.61,,2.4,0.044,,40.142431021538236,5062.408798036929,5.035518202299834
2013-09-15T22:27:59.880Z,30.9206,83.2204,32.81,4.4,mb,,111.0,6.942,1.16,,3.4,0.086,,0.0,0.0,3.40561841232568
2013-08-30T18:02:28.820Z,28.0742,85.7479,45.78,4.1,mb,,169.0,4.987,0.8,,7.6,0.107,,0.0,0.0,2.7788196683478508
2013-08-30T17:48:42.980Z,28.1613,85.8966,54.65,4.9,mb,,37.0,0.681,1.09,,5.0,0.049,,0.0,0.0,3.4273834663446547
2013-08-04T23:14:10.160Z,28.2703,87.1352,35.51,4.3,mb,,138.0,3.777,1.05,,3.0,0.118,,0.0,0.0,3.2292509064682453
2013-08-02T20:42:36.260Z,29.9248,87.8236,29.42,4.2,mb,,126.0,2.879,0.97,,5.4,0.115,,0.0,0.0,3.3034282658703624
2013-07-15T19:39:44.060Z,28.383,87.599,52.5,4.7,mb,74.0,75.0,,1.01,,5.4,,56.0,0.0,0.0,3.261777082546974
2013-06-28T11:40:49.440Z,28.655,82.279,24.8,5.0,mb,137.0,35.0,,0.54,,4.4,,115.0,22.07924343572694,1531.5043982410743,4.25404020618575
2013-05-14T09:59:19.630Z,29.4,82.015,35.0,4.0,mb,37.0,146.0,,1.36,,3.0,,14.0,0.0,0.0,2.9354144329156187
2013-04-19T06:35:52.970Z,27.333,87.853,47.1,4.2,mb,17.0,169.0,,1.03,,9.5,,6.0,0.0,0.0,2.854047069688886
2013-04-06T18:36:44.250Z,30.039,88.051,35.0,4.6,mb,74.0,48.0,,1.06,,6.2,,56.0,0.0,0.0,3.5486566096456835
2013-03-06T16:49:46.540Z,28.758,82.294,10.0,5.0,mb,135.0,70.8,,0.89,,,,63.0,31.662801371547832,3149.5502785459616,4.875679822364176
2013-02-21T23:39:36.990Z,29.921,87.994,21.4,4.2,mb,18.0,143.2,,0.79,,21.6,,1.0,0.0,0.0,3.591645145631064
2013-01-17T20:59:51.070Z,29.412,81.429,39.1,4.5,mb,14.0,172.8,,1.48,,17.2,,1.0,0.0,0.0,3.34232069128973
2013-01-09T07:44:17.110Z,29.694,81.711,15.3,5.0,mb,195.0,33.9,,0.98,,9.4,,91.0,29.46935680828632,2728.2941196261063,4.624019686301724
2013-01-02T17:42:16.670Z,29.368,81.199,10.0,4.7,mb,87.0,56.6,,1.01,,,,26.0,21.46437583000791,1447.3927759372527,4.632809991687335
2012-12-21T02:23:49.360Z,28.567,88.536,45.3,4.2,mb,56.0,130.8,,0.83,,7.7,,11.0,0.0,0.0,2.892233684896356
2012-11-30T19:39:30.580Z,27.22,88.2,25.0,4.7,mb,84.0,116.4,,0.92,,11.3,,30.0,0.0,0.0,3.9530790386478905
2012-11-11T18:39:23.680Z,29.46,81.479,37.1,4.8,mb,87.0,46.1,,1.11,,6.2,,14.0,0.0,0.0,3.6970982637453207
2012-11-05T13:08:00.030Z,28.447,86.187,77.8,4.5,mb,71.0,38.9,,1.04,,,,26.0,0.0,0.0,2.655709372831141
2012-09-24T06:52:37.760Z,30.987,84.444,34.0,4.2,mb,36.0,144.8,,0.92,,15.2,,8.0,0.0,0.0,3.1680245731786663
2012-09-18T12:26:25.280Z,27.33,88.642,42.2,4.6,mb,56.0,115.1,,0.74,,6.4,,16.0,0.0,0.0,3.3716488200364907
2012-08-28T08:31:24.490Z,28.848,82.022,10.0,4.6,mb,31.0,93.0,,1.14,,,,12.0,18.581626128585935,1084.7191512713061,4.548833850107908
2012-08-24T03:55:53.620Z,28.343,82.607,35.0,4.4,mb,32.0,146.5,,1.12,,,,6.0,0.0,0.0,3.3450680400173747
2012-08-24T00:17:14.790Z,28.385,82.618,35.0,4.0,mb,15.0,97.5,,0.94,,,,1.0,0.0,0.0,2.9354144329156187
2012-08-23T16:30:21.790Z,28.47,82.69,28.4,5.0,mb,249.0,26.1,,0.91,,12.1,,141.0,17.20386557416941,929.8265732255575,4.13835500021194
2012-08-09T13:12:04.910Z,28.456,86.74,70.2,4.7,mb,108.0,82.7,,0.93,,7.0,,21.0,0.0,0.0,2.9691898133518437
2012-08-01T19:50:01.040Z,29.972,85.344,10.0,4.5,mb,11.0,145.1,,1.15,,,,2.0,15.894719573798147,793.6985977991508,4.463417222263276
2012-07-31T11:58:29.220Z,28.745,82.442,10.0,4.4,mb,64.0,130.1,,0.99,,,,11.0,13.359590422338158,560.7072353058386,4.376612577921321
2012-07-31T11:50:52.310Z,28.742,82.455,10.0,4.5,mb,68.0,97.8,,0.88,,,,15.0,15.894719573798147,793.6985977991508,4.463417222263276
2012-07-28T05:48:07.330Z,29.921,80.647,16.5,4.6,mb,99.0,80.2,,0.82,,11.9,,42.0,13.15396630612028,543.5798166904647,4.200325128844164
2012-07-23T00:15:11.120Z,29.79,88.021,35.0,4.3,mb,24.0,131.8,,1.05,,,,2.0,0.0,0.0,3.242931080268591
2012-07-22T16:44:20.410Z,29.951,88.041,29.4,4.9,mb,92.0,116.5,,0.83,,10.4,,47.0,4.232603302067806,56.28141471651088,4.009089033970015
2012-07-11T17:23:30.110Z,29.439,81.287,36.7,4.1,mb,23.0,128.0,,0.66,,9.2,,2.0,0.0,0.0,2.9928696491517934
2012-07-03T19:11:40.860Z,29.914,88.011,10.0,4.9,mb,136.0,74.9,,0.84,,,,68.0,27.96917822733938,2457.589175414405,4.796266326866449
2012-07-02T01:47:47.730Z,29.885,87.872,21.4,4.3,mb,33.0,95.8,,0.67,,13.5,,8.0,0.0,0.0,3.6915102232418793
2012-06-11T04:35:59.960Z,27.306,88.13,51.5,4.5,mb,74.0,97.6,,0.75,,9.1,,17.0,0.0,0.0,3.0751209445802434
2012-06-09T07:54:11.100Z,28.4,84.126,20.1,4.8,mb,148.0,45.8,,0.92,,10.7,,80.0,17.32744242946086,943.2325987290357,4.234030994852489
2012-05-30T01:54:30.620Z,27.328,87.974,35.4,4.3,mb,54.0,145.6,,0.84,,8.3,,12.0,0.0,0.0,3.232186991834145
2012-05-27T20:50:22.610Z,30.822,83.466,35.0,4.8,mb,71.0,94.8,,0.94,,,,16.0,0.0,0.0,3.751152097509032
2012-03-27T23:40:12.600Z,26.087,87.777,28.8,5.0,mb,167.0,31.8,,0.86,,,,91.0,16.525525428684293,857.9469333114226,4.126180422300145
2012-03-19T20:36:21.310Z,29.015,82.321,10.0,4.3,mb,77.0,92.8,,1.21,,,,17.0,10.919576438077586,374.5945531775667,4.288478149965014
2012-02-26T23:08:47.640Z,29.682,81.086,35.0,4.4,mb,53.0,97.5,,0.98,,,,10.0,0.0,0.0,3.3450680400173747
2012-01-19T00:46:47.580Z,29.456,81.89,10.0,4.0,mb,19.0,146.1,,1.23,,,,2.0,2.1662344698955907,14.742149025978918,4.016740240475781
2011-12-14T20:20:53.840Z,27.504,87.955,47.5,4.0,mb,11.0,169.0,,0.55,,15.1,,7.0,0.0,0.0,2.6393209259135326
2011-11-16T00:26:09.950Z,30.212,83.002,35.0,4.0,mb,10.0,91.3,,1.06,,,,2.0,0.0,0.0,2.9354144329156187
2011-11-12T23:46:56.810Z,28.212,84.93,50.5,4.2,mb,44.0,39.6,,1.09,,6.0,,12.0,0.0,0.0,2.7852920666547996
2011-10-29T00:43:55.140Z,27.449,88.684,10.0,3.5,ml,10.0,213.8,,0.86,,,,,0.0,0.0,3.5435098204176256
2011-09-18T13:54:19.630Z,27.353,88.452,28.2,4.7,mb,58.0,107.0,,1.34,,14.9,,18.0,0.0,0.0,3.8468746200689607
2011-09-18T13:12:00.350Z,27.52,88.583,40.1,4.8,mb,57.0,96.5,,1.14,,6.9,,13.0,0.0,0.0,3.624140263094166
2011-09-18T12:40:51.830Z,27.73,88.155,50.0,6.9,mww,383.0,13.0,,0.96,,,,,202.59155950954658,128941.4553741253,5.470371917344425
2011-08-19T01:52:08.040Z,29.548,81.527,10.0,4.0,mb,18.0,127.7,,1.03,,,,1.0,2.1662344698955907,14.742149025978918,4.016740240475781
2011-08-15T16:48:08.000Z,27.256,86.306,35.0,4.0,mb,24.0,146.1,,0.84,,,,2.0,0.0,0.0,2.9354144329156187
2011-08-11T22:01:27.230Z,30.092,86.814,37.9,4.2,mb,41.0,64.7,,1.17,,10.9,,5.0,0.0,0.0,3.0647734668373374
2011-07-12T07:59:31.200Z,30.342,83.727,48.2,4.2,mb,13.0,148.3,,1.49,,23.2,,3.0,0.0,0.0,2.8313383336480857
2011-06-03T00:53:27.280Z,27.529,88.019,45.7,5.0,mb,118.0,33.7,,0.99,,,,48.0,0.0,0.0,3.7032400641092593
2011-05-24T12:52:00.090Z,30.042,85.391,41.4,4.5,mb,35.0,145.1,,0.81,,8.6,,14.0,0.0,0.0,3.2876835225732557
2011-05-04T20:57:19.260Z,30.323,80.433,25.4,4.6,mb,61.0,95.8,,0.93,,18.1,,19.0,0.0,0.0,3.8398971292459594
2011-04-04T11:31:43.050Z,29.698,80.754,26.1,5.3,mwb,278.0,31.1,,0.92,,7.7,,,37.922243200138,4517.9134916974035,4.500522788153633
2011-02-13T17:51:21.560Z,27.388,86.941,28.6,4.5,mb,55.0,116.7,,1.13,,15.9,,21.0,0.0,0.0,3.633417232047834
2011-02-10T03:51:44.230Z,27.215,88.211,46.2,4.0,mb,31.0,145.6,,0.79,,10.4,,7.0,0.0,0.0,2.666646741186191
2010-12-29T19:01:28.390Z,30.797,86.454,8.4,4.9,mb,71.0,52.0,,1.13,,17.6,,29.0,28.49061127306108,2550.077663136088,4.879983954270656
2010-12-29T18:30:59.750Z,30.942,86.508,21.9,5.1,mwc,134.0,35.9,,0.97,,5.3,,,29.911960859081606,2810.86275127069,4.451120639869787
2010-11-25T14:05:30.330Z,28.466,82.741,10.0,4.0,mb,29.0,77.3,,0.93,,,,7.0,2.1662344698955907,14.742149025978918,4.016740240475781
2010-11-07T10:53:18.490Z,30.909,84.509,50.1,4.0,mb,23.0,144.8,,1.2,,13.4,,6.0,0.0,0.0,2.5865997447080082
2010-10-18T04:26:51.270Z,28.492,85.647,43.0,4.0,mb,33.0,97.6,,0.77,,11.3,,5.0,0.0,0.0,2.736933218320815
2010-10-17T20:11:18.460Z,28.487,85.677,41.1,4.9,mb,100.0,47.9,,0.93,,8.4,,36.0,0.0,0.0,3.7024231801866345
2010-07-10T10:15:45.190Z,29.318,86.981,42.3,4.6,mb,57.0,51.4,,0.99,,9.4,,21.0,0.0,0.0,3.369378583063509
2010-07-06T19:08:25.870Z,29.841,80.397,32.8,5.0,mwc,133.0,47.5,,0.8,,11.8,,,5.166525979233178,83.8585034668981,4.0110239482653105
2010-07-04T02:35:59.130Z,29.854,80.375,11.6,4.7,mb,78.0,80.5,,0.93,,17.5,,36.0,20.64362927810485,1338.8193338291894,4.542953556254671
2010-06-22T23:14:10.840Z,29.872,80.428,16.3,5.2,mb,174.0,48.2,,0.95,,10.2,,87.0,37.988704483292864,4533.763263280148,4.7582319734776375
2010-06-13T14:37:56.580Z,29.547,81.486,10.0,4.6,mb,30.0,146.1,,1.12,,,,4.0,18.581626128585935,1084.7191512713061,4.548833850107908
2010-06-13T14:31:51.860Z,29.587,81.446,19.0,4.7,mb,86.0,37.0,,0.76,,14.7,,21.0,14.132212486791577,627.4370933503168,4.18359298482603
2010-05-01T22:36:29.370Z,30.099,80.026,35.5,4.5,mb,61.0,62.3,,0.88,,7.5,,23.0,0.0,0.0,3.4336742081626586
2010-03-23T10:53:25.770Z,30.427,83.839,35.0,4.1,mb,22.0,76.0,,1.19,,,,5.0,0.0,0.0,3.0380848756163252
2010-03-15T20:23:28.040Z,30.64,81.953,29.5,4.9,mb,39.0,95.8,,1.13,,26.9,,4.0,3.4676981865028567,37.77743398686668,4.0060824446227405
2010-03-15T20:17:16.890Z,30.531,81.875,17.8,4.9,mwc,83.0,50.6,,0.81,,13.9,,,23.778875724320425,1776.3662244099944,4.423752483904468
2010-03-09T22:21:13.460Z,30.655,83.773,40.3,4.2,mb,24.0,100.0,,1.12,,11.6,,3.0,0.0,0.0,3.005789303927397
2010-02-28T22:03:23.550Z,28.363,86.579,35.0,4.0,mb,24.0,82.1,,0.94,,,,7.0,0.0,0.0,2.9354144329156187
2010-02-26T04:42:39.350Z,28.474,86.745,89.1,5.1,mwc,209.0,29.6,,0.79,,,,,0.0,0.0,3.132749459088968
2010-02-25T14:06:19.770Z,29.701,81.68,35.2,4.3,mb,51.0,91.5,,0.87,,9.9,,5.0,0.0,0.0,3.237545747422561
2010-02-22T17:23:45.140Z,30.069,80.034,10.0,4.6,mb,71.0,47.2,,0.93,,,,4.0,18.581626128585935,1084.7191512713061,4.548833850107908
2010-02-19T16:14:55.810Z,30.678,83.848,43.2,4.2,mb,43.0,93.2,,1.2,,7.9,,8.0,0.0,0.0,2.9385112092986034
2010-01-11T05:15:16.160Z,29.744,80.557,35.0,4.7,mb,27.0,84.6,,1.09,,0.0,,4.0,0.0,0.0,3.6500557753987666
2010-01-01T02:22:23.820Z,30.646,83.791,10.0,5.2,mwc,84.0,78.6,,1.09,,,,,40.11024393242897,5054.29375005344,5.029779772155868
2009-12-28T02:15:04.870Z,30.686,83.769,10.0,4.4,mb,50.0,40.6,,1.08,,,,9.0,13.359590422338158,560.7072353058386,4.376612577921321
2009-12-16T06:13:01.520Z,29.518,81.471,35.0,4.3,mb,56.0,80.9,,1.34,,,,9.0,0.0,0.0,3.242931080268591
2009-11-20T07:16:58.950Z,30.762,83.448,19.0,5.0,mwc,120.0,53.5,,0.77,,11.6,,,27.231103369017042,2329.5945959590254,4.467387489851383
2009-11-07T20:08:46.290Z,29.49,86.008,5.7,5.5,mwc,244.0,17.8,,0.8,,10.1,,,56.58172504056886,10057.782518002003,5.391004294253011
2009-10-30T04:29:08.390Z,29.643,84.585,10.0,4.4,mb,55.0,45.6,,0.71,,,,17.0,13.359590422338158,560.7072353058386,4.376612577921321
2009-09-29T06:01:13.260Z,30.888,83.49,10.0,5.0,mwc,63.0,94.7,,1.04,,,,,31.662801371547832,3149.5502785459616,4.875679822364176
2009-07-24T12:39:50.740Z,30.945,85.81,10.0,4.1,mb,27.0,144.5,,1.04,,,,6.0,5.87173786997333,108.3136500315039,4.108474632846999
2009-06-11T21:37:33.200Z,30.794,83.485,10.0,4.1,mb,24.0,145.1,,1.1,,,,4.0,5.87173786997333,108.3136500315039,4.108474632846999
2009-06-06T09:44:36.970Z,30.996,86.314,10.0,4.9,mwc,77.0,63.4,,1.11,,,,,27.96917822733938,2457.589175414405,4.796266326866449
2009-03-18T00:29:33.430Z,30.634,83.734,32.0,4.1,mb,32.0,149.7,,0.94,,16.1,,4.0,0.0,0.0,3.122828200370814
2009-02-18T10:11:43.650Z,30.667,83.857,35.0,5.1,mwc,56.0,95.3,,1.12,,,,,12.220286511994306,469.1510032113938,4.052275849234006
2008-12-26T11:43:55.390Z,29.888,81.979,28.0,4.1,mb,36.0,75.1,,1.16,,18.1,,3.0,0.0,0.0,3.2473938048045867
2008-12-25T00:26:36.210Z,27.235,88.631,49.2,4.8,mb,93.0,90.1,,0.83,,4.5,,32.0,0.0,0.0,3.4279516681070272
2008-12-24T17:37:35.020Z,30.858,83.442,35.0,3.7,mb,8.0,197.8,,1.4,,,,1.0,0.0,0.0,2.626608215680603
2008-12-22T21:19:55.020Z,28.179,84.23,10.0,3.5,mb,20.0,167.8,,0.68,,,,6.0,0.0,0.0,3.5435098204176256
2008-12-19T06:33:54.230Z,29.858,81.936,10.0,3.7,mb,14.0,154.4,,1.14,,,,3.0,0.0,0.0,3.7354397686294476
2008-12-08T08:59:11.320Z,29.948,82.051,35.6,5.3,mwc,208.0,24.2,,0.82,,3.6,,,29.18812308680386,2676.4689577957447,4.23571116066588
2008-12-07T14:06:34.410Z,30.713,83.105,10.0,4.1,mb,13.0,159.6,,1.31,,,,1.0,5.87173786997333,108.3136500315039,4.108474632846999
2008-12-05T04:34:19.750Z,29.098,87.956,10.0,3.4,mb,10.0,144.8,,0.67,,,,2.0,0.0,0.0,3.446421988173244
2008-12-04T02:04:47.850Z,30.57,83.365,10.0,4.0,mb,24.0,145.2,,1.38,,,,4.0,2.1662344698955907,14.742149025978918,4.016740240475781
2008-12-02T05:11:42.030Z,27.373,88.051,24.7,5.2,mb,103.0,93.6,,0.82,,5.4,,35.0,33.147272411451226,3451.798753383824,4.449855703411075
2008-11-28T14:35:24.300Z,30.869,83.505,10.0,3.9,mb,12.0,158.3,,1.39,,,,2.0,0.0,0.0,3.9239432159839214
2008-11-27T18:45:39.770Z,30.732,83.253,10.0,3.5,mb,19.0,145.2,,1.26,,,,2.0,0.0,0.0,3.5435098204176256
2008-11-26T09:16:08.220Z,30.538,83.5,10.0,3.7,mb,9.0,182.1,,1.0,,,,2.0,0.0,0.0,3.7354397686294476
2008-11-25T21:51:28.580Z,30.74,83.637,10.0,4.2,mb,33.0,95.9,,0.96,,,,7.0,8.486570187601345,226.26338883957507,4.199076760127543
2008-11-25T21:50:49.240Z,30.633,83.483,10.0,4.5,mb,31.0,144.0,,1.18,,,,3.0,15.894719573798147,793.6985977991508,4.463417222263276
2008-11-19T21:18:56.830Z,30.308,83.711,10.0,3.7,mb,15.0,137.7,,1.15,,,,2.0,0.0,0.0,3.7354397686294476
2008-11-19T14:57:03.230Z,30.665,83.187,10.0,3.9,mb,17.0,145.2,,0.87,,,,3.0,0.0,0.0,3.9239432159839214
2008-11-18T05:29:22.970Z,30.254,83.766,34.8,4.5,mb,44.0,105.6,,1.03,,18.2,,17.0,0.0,0.0,3.4523547028916277
2008-11-17T23:52:18.360Z,29.19,88.226,11.6,4.6,mb,49.0,75.1,,0.86,,18.0,,11.0,17.627161699563192,976.1457091632429,4.455450501289579
2008-11-17T07:49:53.410Z,30.618,83.125,10.0,3.7,mb,11.0,145.3,,1.4,,,,1.0,0.0,0.0,3.7354397686294476
2008-11-17T07:16:58.940Z,30.807,83.3,10.0,3.7,mb,12.0,145.1,,1.43,,,,2.0,0.0,0.0,3.7354397686294476
2008-11-15T18:39:43.800Z,30.108,83.441,17.2,3.9,mb,17.0,145.4,,1.38,,36.9,,5.0,0.0,0.0,3.4830760729395234
2008-11-14T17:11:03.740Z,30.088,83.527,24.1,3.6,mb,23.0,145.4,,1.42,,25.5,,5.0,0.0,0.0,2.8755677097263797
2008-11-14T16:49:50.130Z,30.185,83.621,10.0,3.7,mb,19.0,151.0,,1.4,,,,3.0,0.0,0.0,3.7354397686294476
2008-11-14T16:39:58.660Z,30.249,83.72,19.8,4.2,mb,39.0,134.5,,1.13,,20.8,,10.0,0.0,0.0,3.6596880792479953
2008-11-12T16:59:01.480Z,30.588,83.252,10.0,3.4,mb,11.0,165.2,,1.3,,,,2.0,0.0,0.0,3.446421988173244
2008-11-11T19:51:47.270Z,30.755,82.737,10.0,3.6,mb,9.0,205.1,,1.36,,,,2.0,0.0,0.0,3.639870071610842
2008-11-06T14:34:19.930Z,30.725,85.169,10.0,3.7,mb,7.0,205.8,,1.08,,,,1.0,0.0,0.0,3.7354397686294476
2008-11-03T18:33:15.860Z,30.914,83.565,28.1,3.9,mb,28.0,134.3,,0.99,,18.8,,2.0,0.0,0.0,3.039901473160665
2008-10-29T11:58:14.520Z,30.257,83.519,10.0,3.8,mb,18.0,165.0,,1.25,,,,2.0,0.0,0.0,3.8301533610239815
2008-10-25T00:29:28.090Z,30.833,83.533,10.0,4.0,mb,16.0,162.8,,1.19,,,,2.0,2.1662344698955907,14.742149025978918,4.016740240475781
2008-10-24T22:58:27.230Z,30.991,83.557,10.0,4.2,mb,40.0,63.5,,1.04,,,,8.0,8.486570187601345,226.26338883957507,4.199076760127543
2008-10-22T03:31:56.350Z,30.517,83.481,10.0,4.1,mb,23.0,142.7,,1.31,,,,2.0,5.87173786997333,108.3136500315039,4.108474632846999
2008-10-17T18:02:58.900Z,30.573,83.281,43.6,3.5,mb,22.0,148.3,,1.59,,14.5,,3.0,0.0,0.0,2.206567406389781
2008-10-10T20:08:59.240Z,30.987,83.563,40.8,3.5,mb,23.0,157.7,,0.91,,10.0,,4.0,0.0,0.0,2.271584783930368
2008-10-09T23:55:32.130Z,30.928,83.533,29.4,3.5,mb,21.0,148.1,,0.81,,17.2,,3.0,0.0,0.0,2.5866374303655477
2008-10-07T18:09:37.280Z,27.47,87.843,3.3,3.8,mb,30.0,79.3,,1.11,,9.9,,7.0,7.185101903819763,162.1868864558795,4.4335214393816385
2008-10-05T01:13:57.440Z,30.738,83.224,10.0,4.3,mb,19.0,110.7,,0.99,,,,3.0,10.919576438077586,374.5945531775667,4.288478149965014
2008-10-05T01:12:01.110Z,30.658,83.278,10.0,4.0,mb,11.0,145.2,,0.99,,,,1.0,2.1662344698955907,14.742149025978918,4.016740240475781
2008-10-01T06:38:52.780Z,30.684,83.218,10.0,3.6,mb,11.0,194.2,,1.42,,,,1.0,0.0,0.0,3.639870071610842
2008-09-28T20:52:42.750Z,30.519,83.355,10.0,3.7,mb,15.0,160.0,,1.53,,,,3.0,0.0,0.0,3.7354397686294476
2008-09-28T15:49:27.150Z,30.748,83.143,27.3,3.6,mb,10.0,194.2,,1.34,,53.7,,3.0,0.0,0.0,2.7593563817179247
2008-09-26T14:29:00.610Z,30.744,83.439,10.0,3.8,mb,7.0,162.0,,1.07,,,,2.0,0.0,0.0,3.8301533610239815
2008-09-25T21:32:52.530Z,30.69,83.112,10.0,3.3,mb,17.0,159.7,,0.44,,,,3.0,0.0,0.0,3.3486665959057325
2008-09-25T20:17:25.560Z,30.884,83.482,10.0,4.9,mwc,54.0,51.1,,1.3,,,,,27.96917822733938,2457.589175414405,4.796266326866449
2008-09-25T16:46:05.530Z,30.361,83.04,35.4,3.9,mb,11.0,200.4,,1.12,,17.4,,1.0,0.0,0.0,2.821737752702889
2008-09-25T16:26:13.860Z,30.6,83.433,46.0,3.5,mb,14.0,159.6,,1.13,,14.5,,2.0,0.0,0.0,2.1537651865598897
2008-09-25T11:19:05.260Z,30.822,83.512,10.0,4.1,mb,24.0,112.2,,0.97,,,,3.0,5.87173786997333,108.3136500315039,4.108474632846999
2008-09-25T08:49:14.860Z,30.836,83.432,10.0,3.6,mb,11.0,163.1,,1.43,,,,1.0,0.0,0.0,3.639870071610842
2008-09-25T05:31:37.800Z,30.973,83.598,10.0,3.8,mb,8.0,168.1,,1.17,,,,2.0,0.0,0.0,3.8301533610239815
2008-09-25T01:55:59.790Z,30.789,83.404,10.0,4.3,mb,23.0,103.2,,1.17,,,,2.0,10.919576438077586,374.5945531775667,4.288478149965014
2008-09-25T01:47:11.190Z,30.836,83.487,4.0,6.0,mwc,270.0,22.5,,1.47,,,,,93.95827315315455,27734.473471004498,5.7019001565351095
2008-09-20T04:11:49.220Z,30.99,83.522,10.0,4.2,mb,28.0,111.3,,1.02,,,,2.0,8.486570187601345,226.26338883957507,4.199076760127543
2008-09-19T19:46:57.910Z,28.579,86.671,69.2,4.0,mb,36.0,67.1,,1.04,,8.5,,11.0,0.0,0.0,2.259676536868953
2008-09-19T13:32:22.170Z,30.678,83.281,10.0,3.7,mb,12.0,194.1,,1.44,,,,4.0,0.0,0.0,3.7354397686294476
2008-09-17T04:43:11.150Z,30.768,83.62,10.0,3.5,mb,11.0,190.4,,1.18,,,,2.0,0.0,0.0,3.5435098204176256
2008-09-15T17:09:51.560Z,30.738,83.273,10.0,4.1,mb,29.0,97.0,,1.08,,,,7.0,5.87173786997333,108.3136500315039,4.108474632846999
2008-09-15T15:49:12.780Z,30.625,83.128,10.0,3.7,mb,16.0,191.4,,0.87,,,,2.0,0.0,0.0,3.7354397686294476
2008-09-14T08:01:37.180Z,30.548,83.046,10.0,3.6,mb,13.0,152.6,,0.71,,,,1.0,0.0,0.0,3.639870071610842
2008-09-11T04:52:23.650Z,30.83,83.463,10.0,3.9,mb,26.0,135.3,,1.16,,,,4.0,0.0,0.0,3.9239432159839214
2008-09-10T16:05:27.260Z,30.693,83.386,10.0,4.4,mb,32.0,110.8,,1.14,,,,5.0,13.359590422338158,560.7072353058386,4.376612577921321
2008-09-10T01:28:06.090Z,30.795,83.397,7.3,5.4,mwc,137.0,42.4,,0.91,,12.2,,,50.677557506245996,8068.284857844455,5.278412645728093
2008-09-10T01:16:46.720Z,30.759,83.427,10.0,4.8,mb,61.0,95.9,,1.06,,,,19.0,24.58150241840967,1898.3081813468687,4.715300054481624
2008-09-10T01:14:31.880Z,30.783,83.591,10.0,5.3,mwc,89.0,52.7,,0.84,,,,,44.936694686307455,6343.838557890326,5.104456439181046
2008-09-09T18:37:08.880Z,30.74,83.174,10.0,3.5,mb,16.0,91.0,,1.18,,,,3.0,0.0,0.0,3.5435098204176256
2008-09-07T19:46:56.980Z,30.6,83.294,10.0,3.7,mb,27.0,110.9,,1.11,,,,5.0,0.0,0.0,3.7354397686294476
2008-09-07T06:51:42.280Z,30.507,83.133,10.0,4.0,mb,24.0,160.5,,1.1,,,,4.0,2.1662344698955907,14.742149025978918,4.016740240475781
2008-09-05T14:39:44.100Z,30.804,83.261,20.9,3.9,mb,22.0,144.0,,0.98,,22.1,,4.0,0.0,0.0,3.3109314769032347
2008-09-04T20:55:44.500Z,30.739,83.187,6.4,3.6,mb,17.0,145.2,,1.33,,43.1,,2.0,0.0,0.0,3.9624169754929004
2008-09-04T18:47:04.650Z,30.548,83.295,10.0,3.7,mb,8.0,194.3,,1.37,,,,2.0,0.0,0.0,3.7354397686294476
2008-09-04T15:52:11.150Z,30.782,83.362,6.9,4.2,mb,32.0,110.7,,1.28,,23.6,,10.0,11.154007062445492,390.85142796114434,4.426378061805861
2008-09-04T12:53:11.290Z,30.279,80.349,10.0,5.0,mwc,176.0,48.2,,0.9,,,,,31.662801371547832,3149.5502785459616,4.875679822364176
2008-09-03T14:50:33.070Z,30.721,82.818,10.0,3.5,mb,13.0,163.6,,1.23,,,,1.0,0.0,0.0,3.5435098204176256
2008-09-02T21:19:45.780Z,30.822,83.347,10.0,3.6,mb,16.0,104.3,,0.53,,,,1.0,0.0,0.0,3.639870071610842
2008-09-02T21:11:40.620Z,30.53,83.171,10.0,4.0,mb,28.0,110.9,,0.98,,,,7.0,2.1662344698955907,14.742149025978918,4.016740240475781
2008-09-02T21:10:12.020Z,30.461,82.968,10.0,4.0,mb,23.0,118.3,,0.78,,,,5.0,2.1662344698955907,14.742149025978918,4.016740240475781
2008-09-02T03:58:56.560Z,30.815,83.157,10.0,3.7,mb,9.0,196.0,,0.66,,,,1.0,0.0,0.0,3.7354397686294476
2008-09-01T11:24:03.080Z,30.777,83.469,15.5,4.5,mb,42.0,95.9,,0.97,,18.1,,11.0,10.601514529994379,353.0902281331823,4.154399834247149
2008-09-01T06:14:32.950Z,30.908,83.706,10.0,3.5,mb,7.0,193.0,,0.55,,,,1.0,0.0,0.0,3.5435098204176256
2008-08-31T17:14:14.650Z,30.589,83.289,10.0,3.7,mb,26.0,135.0,,1.2,,,,4.0,0.0,0.0,3.7354397686294476
2008-08-31T02:37:32.360Z,30.531,83.068,10.0,3.8,mb,12.0,163.5,,0.89,,,,1.0,0.0,0.0,3.8301533610239815
2008-08-30T21:48:42.830Z,30.635,83.276,10.0,3.5,mb,13.0,162.7,,1.15,,,,2.0,0.0,0.0,3.5435098204176256
2008-08-30T21:31:12.930Z,30.755,83.44,10.0,5.0,mwc,67.0,95.5,,1.2,,,,,31.662801371547832,3149.5502785459616,4.875679822364176
2008-08-30T21:20:23.220Z,30.73,83.388,10.0,3.6,mb,23.0,157.9,,1.24,,,,2.0,0.0,0.0,3.639870071610842
2008-08-30T16:31:12.010Z,30.725,83.131,10.0,3.7,mb,10.0,159.5,,1.39,,,,1.0,0.0,0.0,3.7354397686294476
2008-08-30T16:12:55.950Z,30.759,83.302,10.0,3.5,mb,18.0,145.1,,1.0,,,,2.0,0.0,0.0,3.5435098204176256
2008-08-30T02:09:55.560Z,30.562,83.313,10.0,4.3,mb,40.0,110.9,,1.33,,,,14.0,10.919576438077586,374.5945531775667,4.288478149965014
2008-08-29T16:14:55.530Z,30.639,83.171,10.0,3.8,mb,14.0,145.2,,1.22,,,,3.0,0.0,0.0,3.8301533610239815
2008-08-29T09:43:15.140Z,30.734,83.386,10.0,4.9,mwc,97.0,54.1,,1.01,,,,,27.96917822733938,2457.589175414405,4.796266326866449
2008-08-29T06:18:17.220Z,30.771,83.426,24.4,4.2,mb,38.0,95.9,,1.06,,17.5,,9.0,0.0,0.0,3.4745838399289366
2008-08-29T03:52:18.800Z,30.631,83.318,10.0,4.5,mb,57.0,97.0,,0.99,,,,21.0,15.894719573798147,793.6985977991508,4.463417222263276
2008-08-29T01:26:41.740Z,30.545,83.247,10.0,4.0,mb,22.0,145.3,,0.81,,,,4.0,2.1662344698955907,14.742149025978918,4.016740240475781
2008-08-28T07:42:12.140Z,30.64,83.251,10.0,4.4,mb,26.0,135.1,,1.23,,,,5.0,13.359590422338158,560.7072353058386,4.376612577921321
2008-08-28T07:13:35.980Z,30.927,83.401,10.0,4.2,mb,21.0,162.6,,1.38,,,,3.0,8.486570187601345,226.26338883957507,4.199076760127543
2008-08-28T06:27:11.780Z,30.615,83.131,10.0,3.6,mb,20.0,87.1,,1.27,,,,2.0,0.0,0.0,3.639870071610842
2008-08-28T05:15:13.370Z,30.823,83.609,10.0,4.0,mb,11.0,145.1,,1.47,,,,2.0,2.1662344698955907,14.742149025978918,4.016740240475781
2008-08-28T03:58:40.270Z,30.349,83.793,10.0,3.7,mb,12.0,163.1,,1.44,,,,2.0,0.0,0.0,3.7354397686294476
2008-08-27T19:52:58.170Z,30.648,82.84,10.0,3.6,mb,9.0,212.8,,0.71,,,,1.0,0.0,0.0,3.639870071610842
2008-08-27T19:28:21.680Z,30.666,83.358,31.8,4.7,mb,104.0,97.0,,0.91,,11.4,,30.0,0.0,0.0,3.738352298555444
2008-08-27T04:49:08.700Z,30.85,83.544,10.0,4.2,mb,36.0,61.4,,1.08,,,,8.0,8.486570187601345,226.26338883957507,4.199076760127543
2008-08-27T03:24:01.190Z,30.787,83.313,10.0,4.1,mb,15.0,190.8,,1.3,,,,1.0,5.87173786997333,108.3136500315039,4.108474632846999
2008-08-27T02:04:38.350Z,30.796,83.512,10.0,4.6,mb,60.0,95.9,,0.84,,,,18.0,18.581626128585935,1084.7191512713061,4.548833850107908
2008-08-27T01:35:31.870Z,30.992,83.653,10.0,4.4,mb,45.0,131.1,,1.37,,,,10.0,13.359590422338158,560.7072353058386,4.376612577921321
2008-08-26T23:54:23.770Z,30.659,83.284,10.0,5.0,mb,137.0,45.2,,0.89,,,,58.0,31.662801371547832,3149.5502785459616,4.875679822364176
2008-08-26T21:42:31.450Z,30.77,83.353,21.6,3.6,mb,24.0,109.6,,0.91,,19.7,,3.0,0.0,0.0,2.976392104556667
2008-08-26T18:33:28.820Z,30.635,83.137,35.8,3.7,mb,15.0,159.9,,1.01,,14.5,,4.0,0.0,0.0,2.6049049598955527
2008-08-26T17:09:40.130Z,30.361,82.668,10.0,3.6,mb,8.0,192.5,,1.6,,,,2.0,0.0,0.0,3.639870071610842
2008-08-26T16:23:42.780Z,30.644,83.239,29.4,4.2,mb,23.0,123.5,,1.04,,23.7,,3.0,0.0,0.0,3.304058642091094
2008-08-26T16:23:28.180Z,30.844,83.524,3.3,4.3,mb,17.0,160.5,,0.82,,34.4,,3.0,14.43423533087289,654.5418745389532,4.759560407337811
2008-08-26T13:56:16.130Z,30.781,83.294,10.0,3.7,mb,8.0,190.9,,1.33,,,,2.0,0.0,0.0,3.7354397686294476
2008-08-26T13:30:00.060Z,30.688,83.311,10.0,4.6,mb,10.0,196.0,,1.16,,,,2.0,18.581626128585935,1084.7191512713061,4.548833850107908
2008-08-26T11:28:55.670Z,30.794,83.322,10.0,3.6,mb,15.0,190.8,,1.18,,,,1.0,0.0,0.0,3.639870071610842
2008-08-26T11:22:18.200Z,30.874,83.509,10.0,4.0,mb,13.0,172.2,,1.02,,,,2.0,2.1662344698955907,14.742149025978918,4.016740240475781
2008-08-26T10:59:43.400Z,30.708,83.248,10.0,3.8,mb,15.0,164.5,,1.23,,,,2.0,0.0,0.0,3.8301533610239815
2008-08-26T10:03:35.140Z,30.584,83.326,10.0,4.1,mb,17.0,135.0,,1.04,,,,2.0,5.87173786997333,108.3136500315039,4.108474632846999
2008-08-26T05:02:14.130Z,30.736,83.214,20.4,3.8,mb,18.0,191.1,,0.95,,26.1,,3.0,0.0,0.0,3.231547859570547
2008-08-26T01:38:12.930Z,30.742,83.241,10.0,4.3,mb,11.0,194.1,,1.43,,,,2.0,10.919576438077586,374.5945531775667,4.288478149965014
2008-08-26T00:21:34.280Z,30.64,83.27,10.0,4.3,mb,48.0,80.7,,0.84,,,,15.0,10.919576438077586,374.5945531775667,4.288478149965014
2008-08-25T22:52:21.920Z,30.744,83.223,10.0,3.6,mb,22.0,97.0,,0.73,,,,3.0,0.0,0.0,3.639870071610842
2008-08-25T22:46:47.130Z,30.639,83.042,10.0,3.8,mb,11.0,108.3,,0.82,,,,2.0,0.0,0.0,3.8301533610239815
2008-08-25T20:40:45.090Z,30.928,83.473,21.4,5.0,mwc,91.0,94.7,,1.2,,15.0,,,25.38844206906149,2024.9857722669592,4.37464839224991
2008-08-25T20:35:52.730Z,30.816,83.242,10.0,3.4,mb,10.0,148.2,,1.22,,,,2.0,0.0,0.0,3.446421988173244
2008-08-25T19:33:07.920Z,30.585,83.238,10.0,3.6,mb,13.0,145.2,,0.71,,,,1.0,0.0,0.0,3.639870071610842
2008-08-25T19:13:52.500Z,30.634,83.285,10.0,5.1,mwc,112.0,95.9,,0.93,,,,,35.69783470233496,4003.4427384999112,4.953520920864531
2008-08-25T18:15:23.800Z,30.733,83.379,10.0,4.1,mb,21.0,145.1,,0.76,,,,3.0,5.87173786997333,108.3136500315039,4.108474632846999
2008-08-25T17:58:45.200Z,30.769,83.563,10.0,3.5,mb,18.0,95.9,,1.34,,,,1.0,0.0,0.0,3.5435098204176256
2008-08-25T17:02:47.030Z,30.65,83.133,10.0,3.9,mb,8.0,145.2,,0.64,,,,1.0,0.0,0.0,3.9239432159839214
2008-08-25T17:01:30.570Z,30.778,83.292,10.0,4.4,mb,15.0,145.1,,0.95,,,,1.0,13.359590422338158,560.7072353058386,4.376612577921321
2008-08-25T16:46:58.090Z,30.711,83.466,10.0,4.2,mb,22.0,145.1,,1.5,,,,2.0,8.486570187601345,226.26338883957507,4.199076760127543
2008-08-25T15:34:31.840Z,30.684,83.446,10.0,4.2,mb,23.0,135.1,,1.11,,,,2.0,8.486570187601345,226.26338883957507,4.199076760127543
2008-08-25T14:59:54.220Z,30.69,83.326,21.7,4.5,mb,36.0,97.0,,1.08,,20.4,,9.0,0.0,0.0,3.8778433061964512
2008-08-25T14:36:35.430Z,30.506,83.273,10.0,4.6,mb,14.0,193.7,,1.45,,,,1.0,18.581626128585935,1084.7191512713061,4.548833850107908
2008-08-25T14:22:47.220Z,30.981,83.514,26.0,4.6,mb,41.0,95.8,,0.92,,16.2,,9.0,0.0,0.0,3.8192638468980844
2008-08-25T14:16:02.580Z,30.831,83.523,10.0,5.2,mb,115.0,78.8,,0.95,,,,62.0,40.11024393242897,5054.29375005344,5.029779772155868
2008-08-25T14:14:45.990Z,30.749,83.356,28.1,4.3,mb,21.0,145.1,,1.23,,33.5,,4.0,0.0,0.0,3.4473410330351486
2008-08-25T13:39:38.370Z,30.797,83.38,10.0,5.2,mb,100.0,45.6,,0.93,,,,37.0,40.11024393242897,5054.29375005344,5.029779772155868
2008-08-25T13:29:22.720Z,30.712,83.377,10.0,5.0,mb,65.0,59.9,,0.89,,,,8.0,31.662801371547832,3149.5502785459616,4.875679822364176
2008-08-25T13:21:58.820Z,30.901,83.52,12.0,6.7,mwc,325.0,28.0,,1.07,,,,,176.734578293718,98127.99576895115,5.974551410613463
2008-08-19T10:54:26.720Z,30.077,80.013,15.5,4.2,mb,21.0,178.9,,0.81,,27.5,,2.0,0.0,0.0,3.866641304679719
2008-08-13T14:49:08.260Z,30.041,80.161,42.5,3.9,mb,18.0,167.4,,0.93,,16.6,,2.0,0.0,0.0,2.6451549992879055
2008-08-02T22:04:53.260Z,29.538,81.623,29.5,4.1,mb,22.0,143.4,,1.18,,24.2,,3.0,0.0,0.0,3.1989612770945435
2008-07-31T22:20:16.550Z,28.516,86.295,10.0,3.8,mb,22.0,97.1,,0.85,,,,7.0,0.0,0.0,3.8301533610239815
2008-07-13T04:13:59.460Z,30.597,83.684,10.0,3.8,mb,12.0,193.6,,1.32,,,,3.0,0.0,0.0,3.8301533610239815
2008-06-22T18:14:48.770Z,28.429,85.681,66.1,3.7,mb,22.0,75.1,,0.97,,8.0,,2.0,0.0,0.0,1.9958594685658777
2008-06-20T18:05:56.940Z,27.863,85.714,12.9,4.1,mb,44.0,84.1,,0.71,,3.2,,14.0,0.0,0.0,3.9178225570793663
2008-06-15T17:34:57.360Z,28.692,82.061,35.0,3.7,mb,7.0,226.6,,0.88,,,,2.0,0.0,0.0,2.626608215680603
2008-06-15T03:27:15.450Z,29.459,81.083,29.0,4.6,mb,130.0,59.6,,0.73,,8.2,,60.0,0.0,0.0,3.7214954028450826
2008-06-11T03:01:48.810Z,28.211,86.722,10.0,3.7,mb,14.0,189.2,,0.59,,,,5.0,0.0,0.0,3.7354397686294476
2008-06-07T13:54:54.840Z,30.67,83.79,10.0,3.8,mb,18.0,137.7,,0.84,,,,2.0,0.0,0.0,3.8301533610239815
2008-06-07T12:24:21.370Z,30.649,83.748,10.0,3.6,mb,18.0,109.1,,1.05,,,,1.0,0.0,0.0,3.639870071610842
2008-05-27T19:36:28.650Z,29.087,85.37,35.0,3.6,mb,28.0,145.5,,0.98,,,,7.0,0.0,0.0,2.523452696960226
2008-05-25T10:28:25.540Z,28.959,88.999,10.0,4.4,mb,47.0,95.7,,0.81,,,,17.0,13.359590422338158,560.7072353058386,4.376612577921321
2008-05-23T19:43:23.280Z,29.679,88.529,10.0,3.7,mb,32.0,88.7,,1.04,,,,7.0,0.0,0.0,3.7354397686294476
2008-05-20T19:10:20.060Z,27.8,83.922,10.0,3.7,mb,9.0,290.5,,1.32,,,,2.0,0.0,0.0,3.7354397686294476
2008-04-19T19:51:39.770Z,30.309,83.689,10.0,3.6,mb,15.0,97.1,,1.71,,,,2.0,0.0,0.0,3.639870071610842
2008-04-12T19:13:11.770Z,27.682,86.825,10.0,3.4,mb,10.0,194.2,,0.64,,,,1.0,0.0,0.0,3.446421988173244
2008-04-08T20:41:07.260Z,28.373,83.357,27.6,3.3,mb,15.0,146.3,,0.69,,22.8,,1.0,0.0,0.0,2.4402859011275826
2008-04-01T10:17:08.930Z,28.516,87.008,69.9,3.9,mb,41.0,60.0,,0.99,,6.0,,8.0,0.0,0.0,2.1455901792973058
2008-03-29T16:11:41.560Z,30.957,82.178,94.0,3.5,mb,5.0,234.1,,0.06,,32.7,,1.0,0.0,0.0,1.4166005066581975
2008-03-17T18:55:51.300Z,29.76,81.531,10.0,4.7,ml,26.0,132.7,,,,,,,21.46437583000791,1447.3927759372527,4.632809991687335
2008-03-06T14:25:44.050Z,28.471,87.847,35.0,3.9,mb,20.0,99.4,,1.31,,,,1.0,0.0,0.0,2.8326018125832286
2008-03-05T10:46:06.370Z,28.288,84.462,26.2,3.4,mb,12.0,146.4,,0.91,,29.8,,2.0,0.0,0.0,2.5923315284003148
2008-03-02T14:13:58.140Z,29.422,81.918,10.0,4.4,mb,46.0,81.7,,1.01,,,,10.0,13.359590422338158,560.7072353058386,4.376612577921321
2008-02-24T17:07:34.670Z,28.232,83.677,35.0,3.7,mb,9.0,163.2,,1.34,,,,1.0,0.0,0.0,2.626608215680603
2008-01-27T20:57:38.300Z,30.341,83.492,35.0,3.5,mb,9.0,150.8,,1.17,,,,2.0,0.0,0.0,2.4202061871625484
2007-11-13T17:51:00.140Z,30.084,83.267,35.0,4.2,mb,11.0,145.5,,1.7,,,,2.0,0.0,0.0,3.1405965593056386
2007-11-07T01:30:25.690Z,28.021,87.036,75.8,3.7,mb,26.0,64.4,,0.85,,6.5,,5.0,0.0,0.0,1.8536673975212605
2007-11-05T17:32:26.800Z,28.2,84.453,2.0,4.3,mb,23.0,67.8,,,,,,1.0,14.670962803681945,676.187447922187,4.827244571788621
2007-10-29T09:49:21.150Z,27.945,85.38,16.1,4.7,mb,58.0,59.1,,0.96,,3.9,,18.0,17.364026888133633,947.2198095592219,4.313299988154504
2007-10-18T22:19:00.580Z,29.833,82.065,35.0,4.2,mb,15.0,149.0,,1.25,,,,1.0,0.0,0.0,3.1405965593056386
2007-09-01T01:33:16.100Z,27.853,87.873,73.1,4.0,mb,24.0,73.6,,0.75,,6.7,,1.0,0.0,0.0,2.202794681465939
2007-08-11T14:35:54.820Z,27.344,87.737,35.0,5.0,mb,162.0,77.5,,0.73,,,,73.0,0.0,0.0,3.95230017319094
2007-08-03T03:50:52.650Z,27.196,86.932,64.0,4.3,mb,34.0,145.9,,0.83,,15.0,,15.0,0.0,0.0,2.6505432594862373
2007-08-01T15:17:52.780Z,29.213,82.196,10.0,4.5,mb,43.0,64.2,,1.22,,,,5.0,15.894719573798147,793.6985977991508,4.463417222263276
2007-06-24T08:12:48.420Z,29.932,88.109,10.0,3.8,mb,7.0,218.7,,0.62,,,,1.0,0.0,0.0,3.8301533610239815
2007-06-20T19:38:14.120Z,30.613,80.601,113.6,3.9,mb,7.0,200.4,,1.22,,42.2,,1.0,0.0,0.0,1.6233373196772216
2007-06-09T07:07:39.820Z,30.053,88.209,10.0,3.6,mb,8.0,185.9,,0.85,,,,2.0,0.0,0.0,3.639870071610842
2007-05-23T17:40:44.710Z,27.204,88.253,10.0,3.5,mb,12.0,101.7,,0.59,,,,2.0,0.0,0.0,3.5435098204176256
2007-05-20T14:18:21.330Z,27.334,88.236,42.8,4.9,mwc,167.0,76.7,,0.94,,11.4,,,0.0,0.0,3.6640574299333424
2007-05-18T12:40:01.190Z,27.276,88.147,15.4,4.7,mb,83.0,70.7,,1.04,,18.2,,40.0,17.987757774993185,1016.4919275708767,4.346688847487598
2007-05-16T04:17:27.950Z,27.291,87.851,31.7,4.0,mb,29.0,87.6,,0.87,,18.8,,6.0,0.0,0.0,3.0292851089684705
2007-04-17T07:04:38.040Z,28.262,87.759,72.2,4.1,mb,16.0,145.2,,0.6,,20.1,,1.0,0.0,0.0,2.319344441572717
2007-04-06T03:45:41.540Z,28.442,86.462,95.2,3.7,mb,11.0,145.5,,1.02,,45.8,,1.0,0.0,0.0,1.6105843371057265
2007-03-10T13:25:47.160Z,29.44,81.144,5.8,4.6,mb,55.0,61.5,,0.95,,17.1,,16.0,20.288835096736026,1293.195239763525,4.806304187563818
2007-02-15T19:09:39.030Z,29.567,81.451,18.7,4.5,mb,68.0,146.1,,0.99,,21.4,,16.0,1.7181706346233319,9.274328124315334,4.003481673016164
2007-02-12T15:53:51.220Z,29.283,80.94,10.0,3.6,mb,10.0,198.0,,0.59,,,,1.0,0.0,0.0,3.639870071610842
2007-02-06T21:38:59.340Z,27.913,87.622,58.9,4.3,mb,25.0,72.0,,0.86,,10.1,,5.0,0.0,0.0,2.7347755570621066
2006-12-31T21:36:54.070Z,28.216,88.232,35.0,4.1,mb,34.0,118.5,,1.32,,,,9.0,0.0,0.0,3.0380848756163252
2006-12-31T00:52:10.480Z,30.082,83.732,10.0,3.7,mb,10.0,163.6,,1.26,,,,1.0,0.0,0.0,3.7354397686294476
2006-11-12T13:46:32.690Z,29.82,80.655,35.0,3.8,mb,8.0,197.8,,0.45,,,,2.0,0.0,0.0,2.729661935909353
2006-10-27T07:55:01.980Z,29.875,80.035,10.0,4.2,mb,22.0,69.4,,1.09,,,,3.0,8.486570187601345,226.26338883957507,4.199076760127543
2006-10-27T01:07:32.960Z,29.854,80.545,38.8,4.1,mb,16.0,87.3,,0.83,,12.7,,1.0,0.0,0.0,2.939505051358388
2006-10-22T04:08:13.420Z,30.601,83.584,10.0,4.3,mb,20.0,135.0,,0.95,,,,5.0,10.919576438077586,374.5945531775667,4.288478149965014
2006-10-04T21:34:53.630Z,29.729,80.366,10.0,3.9,mb,10.0,149.4,,0.89,,,,1.0,0.0,0.0,3.9239432159839214
2006-09-26T04:04:20.120Z,29.76,80.521,6.6,4.7,mb,47.0,84.7,,0.8,,20.2,,12.0,22.741139588240248,1624.7042653058609,4.830774429578508
2006-09-19T06:56:44.570Z,29.49,81.569,27.7,4.7,mb,103.0,97.6,,0.74,,18.9,,41.0,0.0,0.0,3.8628196332449933
2006-08-30T18:25:00.600Z,29.052,83.602,10.0,4.5,ml,23.0,74.9,,,,,,,15.894719573798147,793.6985977991508,4.463417222263276
2006-08-05T07:33:02.490Z,29.887,80.098,10.0,4.5,mb,61.0,57.1,,0.87,,,,19.0,15.894719573798147,793.6985977991508,4.463417222263276
2006-07-20T16:52:35.270Z,30.171,83.675,10.0,4.3,mb,30.0,86.8,,0.91,,,,11.0,10.919576438077586,374.5945531775667,4.288478149965014
2006-05-29T16:09:08.730Z,30.186,84.212,10.0,4.0,mb,7.0,204.3,,1.24,,,,3.0,2.1662344698955907,14.742149025978918,4.016740240475781
2006-05-13T05:40:13.240Z,30.988,83.592,55.1,3.9,mb,15.0,164.0,,0.88,,14.8,,2.0,0.0,0.0,2.388171517130228
2006-05-05T08:49:48.250Z,29.384,80.705,35.0,3.9,mb,14.0,184.0,,1.36,,0.0,,3.0,0.0,0.0,2.8326018125832286
2006-05-05T08:00:28.780Z,29.504,80.998,17.6,5.0,mb,111.0,100.5,,0.74,,,,68.0,28.156224723746103,2490.5698035289665,4.524652665459706
2006-04-15T13:39:06.180Z,29.48,81.157,45.0,3.5,mb,8.0,133.2,,1.56,,0.0,,1.0,0.0,0.0,2.1754578773243853
2006-04-11T14:15:20.780Z,28.14,87.407,54.3,3.5,mb,13.0,155.5,,0.73,,15.8,,2.0,0.0,0.0,1.9884194187236146
2006-04-04T08:23:05.760Z,28.051,85.789,2.7,4.1,mb,25.0,51.8,,1.37,,10.6,,7.0,11.27773495049777,399.57070494581365,4.673767852986893
2006-04-01T11:12:47.430Z,30.851,87.651,10.0,3.9,mb,12.0,155.1,,0.77,,,,4.0,0.0,0.0,3.9239432159839214
2006-02-25T18:51:12.470Z,30.298,80.119,10.0,3.6,mb,8.0,141.1,,1.07,,0.0,,1.0,0.0,0.0,3.639870071610842
2006-02-21T10:59:11.990Z,29.252,81.301,26.3,4.4,mb,40.0,62.3,,0.98,,16.6,,8.0,0.0,0.0,3.608547140369968
2006-02-19T21:19:30.870Z,28.258,83.775,35.0,3.8,mb,23.0,138.6,,0.6,,,,7.0,0.0,0.0,2.729661935909353
2006-02-19T21:18:57.570Z,28.151,83.712,35.0,3.6,mb,26.0,121.5,,1.24,,,,4.0,0.0,0.0,2.523452696960226
2006-02-14T19:17:33.260Z,30.265,80.528,62.5,4.5,mb,48.0,95.5,,1.06,,10.1,,17.0,0.0,0.0,2.881360298913839
2006-02-14T00:55:25.060Z,27.382,88.388,30.0,5.3,mwc,260.0,45.6,,0.81,,,,,34.91856997831401,3830.5644350184916,4.384733681948453
2006-02-03T01:57:47.220Z,27.245,86.383,14.3,4.7,mwc,190.0,61.2,,0.65,,3.1,,,18.874041161654485,1119.1277595636554,4.4008819931903105
2006-02-01T22:24:15.920Z,30.288,80.483,50.6,4.7,mwc,150.0,61.4,,0.96,,7.6,,,0.0,0.0,3.2980316871899316
2006-01-30T01:57:34.500Z,30.168,80.225,40.8,4.1,mb,26.0,69.8,,1.03,,11.2,,3.0,0.0,0.0,2.8910068942013556
2005-12-25T18:08:07.630Z,28.576,86.087,54.9,4.0,mb,12.0,183.6,,0.9,,23.6,,2.0,0.0,0.0,2.4953161449968477
2005-12-25T12:19:37.340Z,29.738,83.48,10.0,3.6,mb,5.0,263.0,,0.21,,,,1.0,0.0,0.0,3.639870071610842
2005-12-12T17:34:14.660Z,29.278,82.021,35.0,4.7,mb,36.0,78.5,,0.99,,,,7.0,0.0,0.0,3.6500557753987666
2005-12-10T05:39:33.640Z,29.172,82.344,10.0,4.6,ml,18.0,116.6,,1.3,,0.0,,,18.581626128585935,1084.7191512713061,4.548833850107908
2005-11-25T12:50:25.060Z,28.067,88.905,10.0,3.7,mb,6.0,181.8,,0.97,,,,1.0,0.0,0.0,3.7354397686294476
2005-11-21T13:38:23.890Z,30.357,83.52,35.0,3.7,mb,7.0,238.2,,1.39,,,,1.0,0.0,0.0,2.626608215680603
2005-11-06T01:36:56.670Z,29.731,81.868,49.5,5.0,mb,98.0,47.8,,0.61,,,,46.0,0.0,0.0,3.6263961424145403
2005-10-31T21:47:56.070Z,28.39,84.863,10.0,4.7,mwc,128.0,36.0,,0.79,,0.0,,,21.46437583000791,1447.3927759372527,4.632809991687335
2005-10-31T05:51:16.370Z,29.731,81.857,47.1,4.7,mwc,95.0,59.1,,0.74,,5.5,,,0.0,0.0,3.3679871677186117
2005-10-30T08:30:08.970Z,27.85,87.993,85.5,3.9,mb,21.0,126.7,,0.62,,,,3.0,0.0,0.0,1.933922834027353
2005-10-29T23:32:10.440Z,29.525,81.577,48.5,4.6,mb,37.0,94.2,,0.85,,9.5,,8.0,0.0,0.0,3.2369078508946276
2005-10-25T02:51:28.310Z,30.054,81.092,10.0,3.8,mb,9.0,106.2,,1.19,,0.0,,2.0,0.0,0.0,3.8301533610239815
2005-10-25T01:51:26.540Z,30.146,81.208,49.9,4.9,mb,80.0,90.0,,0.7,,6.4,,33.0,0.0,0.0,3.5164863330780025
2005-10-25T01:43:14.160Z,29.908,81.031,63.4,3.8,mb,13.0,122.7,,0.62,,15.1,,2.0,0.0,0.0,2.142346506103951
2005-10-14T04:43:04.530Z,28.225,86.243,10.0,3.9,mb,8.0,183.8,,0.35,,,,1.0,0.0,0.0,3.9239432159839214
2005-10-10T19:51:54.520Z,30.242,83.389,35.0,4.4,mb,14.0,84.7,,0.8,,,,2.0,0.0,0.0,3.3450680400173747
2005-09-16T17:59:24.000Z,30.567,81.546,10.0,3.9,mb,7.0,219.5,,1.07,,,,1.0,0.0,0.0,3.9239432159839214
2005-08-28T13:14:08.270Z,27.636,87.419,38.8,4.8,mb,101.0,52.5,,0.86,,5.1,,37.0,0.0,0.0,3.655174434583323
2005-08-21T19:53:33.890Z,29.974,80.586,35.0,3.5,mb,9.0,186.6,,1.09,,0.0,,1.0,0.0,0.0,2.4202061871625484
2005-08-20T23:18:45.730Z,30.857,87.591,10.0,3.7,mb,9.0,201.4,,1.4,,0.0,,1.0,0.0,0.0,3.7354397686294476
2005-07-04T23:46:09.480Z,30.145,83.539,43.6,3.9,mb,7.0,138.2,,0.31,,25.4,,1.0,0.0,0.0,2.6201922827682034
2005-06-24T17:37:05.280Z,29.374,81.412,35.0,3.9,mb,8.0,200.6,,0.41,,,,1.0,0.0,0.0,2.8326018125832286
2005-06-17T02:08:18.130Z,30.598,83.529,10.0,4.0,mb,14.0,83.5,,1.38,,,,2.0,2.1662344698955907,14.742149025978918,4.016740240475781
2005-06-14T14:23:18.470Z,27.205,87.92,44.4,4.6,mb,48.0,70.4,,0.89,,5.6,,10.0,0.0,0.0,3.3227386023981356
2005-06-05T16:49:43.100Z,30.427,83.488,6.2,4.1,mb,15.0,87.4,,0.48,,22.2,,3.0,9.79986253034597,301.71009378649154,4.401381362151285
2005-05-29T17:49:29.590Z,30.246,83.475,20.6,4.3,mb,15.0,96.6,,1.25,,29.7,,2.0,0.0,0.0,3.7247043169788125
2005-05-27T22:12:20.030Z,26.143,87.211,57.7,3.5,mb,13.0,163.9,,0.82,,12.0,,1.0,0.0,0.0,1.9271241627258016
2005-05-22T22:12:59.080Z,30.032,83.535,43.8,3.6,mb,16.0,73.9,,1.43,,16.2,,1.0,0.0,0.0,2.3055769084977493
2005-05-22T14:17:37.870Z,30.319,83.822,63.2,4.3,mb,36.0,110.2,,0.96,,9.2,,11.0,0.0,0.0,2.6633629197105098
2005-05-11T04:13:06.890Z,30.6,85.172,37.5,4.6,mb,43.0,96.8,,1.16,,13.6,,18.0,0.0,0.0,3.483940238835004
2005-05-10T02:30:47.180Z,30.454,83.733,62.3,3.6,mb,18.0,167.7,,0.85,,17.1,,2.0,0.0,0.0,1.952830265102239
2005-05-09T15:14:45.450Z,30.292,84.894,10.0,3.5,mb,7.0,209.1,,0.88,,,,2.0,0.0,0.0,3.5435098204176256
2005-05-08T14:24:25.440Z,30.341,83.996,63.4,3.8,mb,9.0,197.7,,0.53,,28.3,,1.0,0.0,0.0,2.142346506103951
2005-04-21T12:18:47.940Z,30.129,83.503,35.0,3.7,mb,10.0,187.0,,1.37,,,,2.0,0.0,0.0,2.626608215680603
2005-04-10T05:59:43.520Z,30.356,83.699,55.8,4.6,mb,39.0,62.8,,0.76,,7.4,,11.0,0.0,0.0,3.0984958261255446
2005-04-10T01:18:09.710Z,30.245,83.591,17.2,3.9,mb,15.0,126.3,,1.05,,32.8,,2.0,0.0,0.0,3.4830760729395234
2005-04-09T23:39:15.310Z,30.434,83.381,10.0,4.0,mb,9.0,127.3,,1.4,,,,4.0,2.1662344698955907,14.742149025978918,4.016740240475781
2005-04-09T09:20:26.150Z,30.494,83.599,10.0,4.4,mb,36.0,63.2,,0.98,,,,10.0,13.359590422338158,560.7072353058386,4.376612577921321
2005-04-08T22:02:40.200Z,30.406,83.439,10.0,4.0,mb,14.0,127.1,,0.84,,,,3.0,2.1662344698955907,14.742149025978918,4.016740240475781
2005-04-08T19:51:35.550Z,30.527,83.67,10.0,5.0,mwc,123.0,27.3,,1.25,,,,,31.662801371547832,3149.5502785459616,4.875679822364176
2005-04-08T13:04:10.490Z,30.249,83.311,10.0,4.0,mb,13.0,105.8,,0.9,,,,1.0,2.1662344698955907,14.742149025978918,4.016740240475781
2005-04-08T11:55:53.170Z,30.17,83.062,10.0,3.7,mb,8.0,220.3,,1.1,,,,1.0,0.0,0.0,3.7354397686294476
2005-04-08T11:26:42.770Z,30.448,83.93,10.0,3.9,mb,8.0,169.2,,1.01,,,,2.0,0.0,0.0,3.9239432159839214
2005-04-08T11:02:10.890Z,30.108,83.185,10.0,3.8,mb,8.0,223.1,,1.18,,,,1.0,0.0,0.0,3.8301533610239815
2005-04-08T10:47:04.920Z,30.172,83.234,10.0,3.7,mb,10.0,222.9,,0.9,,,,2.0,0.0,0.0,3.7354397686294476
2005-04-08T10:45:31.880Z,29.977,83.012,10.0,3.7,mb,11.0,142.6,,1.42,,,,2.0,0.0,0.0,3.7354397686294476
2005-04-08T08:43:15.760Z,29.865,82.709,10.0,4.1,mb,12.0,145.1,,1.18,,0.0,,3.0,5.87173786997333,108.3136500315039,4.108474632846999
2005-04-08T07:02:39.800Z,30.285,83.501,10.0,4.4,mb,22.0,68.4,,1.21,,,,6.0,13.359590422338158,560.7072353058386,4.376612577921321
2005-04-08T04:16:37.310Z,30.226,83.597,10.0,4.3,mb,23.0,84.7,,1.1,,,,4.0,10.919576438077586,374.5945531775667,4.288478149965014
2005-04-07T23:34:16.220Z,30.276,83.633,10.0,4.2,mb,14.0,90.7,,1.34,,,,6.0,8.486570187601345,226.26338883957507,4.199076760127543
2005-04-07T21:42:09.020Z,30.323,83.756,10.0,5.1,mb,49.0,63.5,,1.21,,,,34.0,35.69783470233496,4003.4427384999112,4.953520920864531
2005-04-07T21:41:36.570Z,30.588,83.681,10.0,5.4,mwc,161.0,36.0,,0.99,,,,,50.214587868455816,7921.541064995275,5.1775607725900485
2005-04-07T21:08:36.170Z,30.198,83.399,10.0,4.2,mb,20.0,116.9,,0.98,,,,7.0,8.486570187601345,226.26338883957507,4.199076760127543
2005-04-07T20:50:30.410Z,30.211,83.458,10.0,3.9,mb,17.0,125.3,,0.93,,,,4.0,0.0,0.0,3.9239432159839214
2005-04-07T20:04:41.060Z,30.491,83.662,11.0,6.3,mwc,468.0,18.0,,0.9,,,,,124.23658509350327,48489.63147435306,5.750763079912958
2005-04-07T01:40:45.850Z,29.299,81.451,22.7,4.1,mb,14.0,197.5,,0.93,,,,3.0,0.0,0.0,3.4386817552189317
2005-04-06T22:24:44.430Z,30.439,86.346,66.9,3.6,mb,13.0,160.5,,1.31,,27.1,,2.0,0.0,0.0,1.8797200098301936
2005-03-29T15:51:24.970Z,28.016,84.699,10.0,3.9,mb,19.0,71.2,,1.21,,,,3.0,0.0,0.0,3.9239432159839214
2005-03-26T20:32:13.420Z,28.259,87.926,70.7,4.7,mwc,159.0,94.9,,0.73,,9.4,,,0.0,0.0,2.96188414146839
2005-03-19T10:54:40.990Z,28.126,84.282,10.0,4.4,mb,37.0,57.0,,0.98,,,,15.0,13.359590422338158,560.7072353058386,4.376612577921321
2005-03-06T03:22:43.610Z,30.616,83.761,49.5,4.6,mb,54.0,50.6,,0.92,,7.0,,20.0,0.0,0.0,3.2169262959169282
2005-02-08T04:13:56.390Z,27.76,86.072,14.6,4.1,mb,16.0,118.8,,1.2,,6.1,,6.0,0.0,0.0,3.8185252716446167
2005-02-08T03:35:04.840Z,27.738,86.092,10.0,4.9,mb,99.0,81.2,,0.86,,,,63.0,27.96917822733938,2457.589175414405,4.796266326866449
2005-02-08T01:51:35.940Z,27.82,86.033,14.4,4.2,mb,15.0,101.2,,1.89,,14.8,,8.0,0.0,0.0,3.9262950477806937
2005-01-16T08:43:46.800Z,29.646,80.696,10.0,4.8,mb,105.0,58.0,,0.82,,,,46.0,24.58150241840967,1898.3081813468687,4.715300054481624
2005-01-15T22:32:48.190Z,29.439,80.965,10.0,4.6,mb,36.0,42.8,,0.83,,,,19.0,18.581626128585935,1084.7191512713061,4.548833850107908
2004-12-05T13:04:38.080Z,30.481,81.24,10.0,4.2,mb,26.0,105.5,,1.03,,0.0,,6.0,8.486570187601345,226.26338883957507,4.199076760127543
2004-12-02T23:45:55.200Z,30.607,83.373,40.7,4.2,mb,19.0,97.1,,1.28,,15.0,,4.0,0.0,0.0,2.9962608487352718
2004-11-17T10:39:00.640Z,28.16,84.414,10.0,3.7,mb,7.0,199.0,,1.21,,,,2.0,0.0,0.0,3.7354397686294476
2004-11-10T04:21:11.120Z,27.929,87.778,45.0,4.2,mb,28.0,162.6,,0.83,,12.9,,9.0,0.0,0.0,2.8987275741417298
2004-11-05T22:15:16.380Z,30.764,86.565,10.0,3.7,mb,11.0,176.3,,1.17,,,,1.0,0.0,0.0,3.7354397686294476
2004-10-30T11:12:53.660Z,30.576,83.504,10.0,4.2,mb,10.0,167.6,,1.4,,,,1.0,8.486570187601345,226.26338883957507,4.199076760127543
2004-10-27T00:28:48.690Z,30.897,81.22,10.0,4.4,mb,25.0,108.4,,1.28,,,,4.0,13.359590422338158,560.7072353058386,4.376612577921321
2004-09-12T08:48:04.910Z,29.502,81.575,11.9,4.5,mb,45.0,71.2,,1.03,,24.5,,17.0,14.526944287415779,662.9769274832794,4.349124425605386
2004-09-09T05:55:46.100Z,29.466,80.281,5.5,4.4,mb,18.0,123.1,,1.12,,36.2,,6.0,15.75527391867972,779.8333228937266,4.682636593522925
2004-08-25T18:50:47.700Z,30.214,86.066,47.7,4.4,mb,8.0,193.0,,0.47,,22.2,,2.0,0.0,0.0,3.047628525168154
2004-08-25T02:22:51.380Z,30.366,83.359,33.2,4.5,mb,10.0,127.3,,0.85,,31.7,,3.0,0.0,0.0,3.4962882366969628
2004-08-21T09:08:52.370Z,29.887,88.032,48.3,4.0,mb,20.0,101.5,,0.98,,16.1,,1.0,0.0,0.0,2.6228325476398573
2004-08-21T09:07:11.110Z,29.944,88.086,26.2,4.2,mb,31.0,115.1,,1.07,,25.7,,5.0,0.0,0.0,3.410022274833876
2004-08-10T20:03:16.160Z,30.288,83.316,10.0,4.0,mb,9.0,196.9,,1.41,,,,2.0,2.1662344698955907,14.742149025978918,4.016740240475781
2004-07-28T22:22:13.140Z,30.714,83.633,10.0,5.0,mwc,186.0,36.4,,1.22,,,,,31.662801371547832,3149.5502785459616,4.875679822364176
2004-07-23T01:25:32.600Z,30.175,88.118,11.2,4.8,mb,86.0,43.9,,1.01,,,,31.0,24.058475869146005,1818.3860642395448,4.650363324100503
2004-07-20T03:35:51.080Z,27.938,85.793,13.1,4.1,mb,24.0,93.1,,1.07,,6.0,,1.0,0.0,0.0,3.9056941503879465
2004-07-16T20:33:53.980Z,28.232,83.944,16.6,4.0,mb,22.0,92.2,,1.0,,6.7,,2.0,0.0,0.0,3.613066354867649
2004-07-12T17:58:51.590Z,30.561,83.569,10.0,4.0,mb,9.0,208.3,,1.32,,,,2.0,2.1662344698955907,14.742149025978918,4.016740240475781
2004-07-12T14:38:20.840Z,30.746,83.773,10.0,4.6,mb,48.0,48.9,,1.17,,,,18.0,18.581626128585935,1084.7191512713061,4.548833850107908
2004-07-11T23:57:53.360Z,30.714,83.639,10.0,4.9,mb,80.0,29.6,,0.81,,,,27.0,27.96917822733938,2457.589175414405,4.796266326866449
2004-07-11T23:24:03.580Z,30.82,83.673,10.0,4.5,mb,25.0,58.6,,0.88,,,,2.0,15.894719573798147,793.6985977991508,4.463417222263276
2004-07-11T23:08:44.180Z,30.694,83.672,13.0,6.2,mwb,431.0,21.3,,1.04,,,,,112.97358683304509,40096.24543849154,5.642678465304201
2004-07-08T21:50:00.520Z,29.844,87.997,32.6,4.2,mb,33.0,59.0,,0.94,,18.5,,12.0,0.0,0.0,3.207634787362248
2004-07-01T19:14:39.700Z,29.878,87.915,35.0,4.2,mb,11.0,132.9,,0.64,,,,2.0,0.0,0.0,3.1405965593056386
2004-06-30T15:33:04.410Z,29.848,87.871,25.1,4.3,mb,36.0,78.9,,0.89,,17.2,,9.0,0.0,0.0,3.549921381544386
2004-06-26T02:59:28.540Z,30.038,88.052,56.8,4.2,mb,26.0,88.7,,0.91,,8.8,,2.0,0.0,0.0,2.667981849820237
2004-06-24T10:03:28.600Z,29.868,87.905,20.0,4.3,mb,26.0,132.0,,1.21,,0.0,,7.0,0.0,0.0,3.750275601211814
2004-05-29T12:22:15.630Z,28.512,82.702,25.0,4.1,mb,26.0,88.1,,0.94,,18.9,,2.0,0.0,0.0,3.3514186634024887
2004-05-29T12:09:38.870Z,28.5,82.607,31.8,3.9,mb,16.0,126.9,,0.64,,24.0,,1.0,0.0,0.0,2.923739085684421
2004-05-21T15:29:04.240Z,30.623,85.116,15.9,4.2,mb,23.0,192.4,,0.86,,29.1,,5.0,0.0,0.0,3.845693328515896
2004-04-17T07:15:24.730Z,29.705,81.051,10.0,4.1,mb,11.0,182.2,,1.23,,,,1.0,5.87173786997333,108.3136500315039,4.108474632846999
2004-04-03T02:51:10.610Z,29.846,81.118,76.5,4.6,mb,22.0,178.1,,0.96,,29.5,,5.0,0.0,0.0,2.7767930663626035
2004-03-11T14:39:39.940Z,30.467,82.631,27.9,4.0,mb,19.0,69.7,,0.78,,20.5,,5.0,0.0,0.0,3.148738556186096
2004-03-01T17:59:04.890Z,30.744,80.963,93.9,4.0,mb,13.0,174.7,,1.33,,36.7,,1.0,0.0,0.0,1.9370015083866243
2004-03-01T17:41:18.600Z,30.368,80.496,58.6,4.8,mb,52.0,71.5,,0.8,,14.8,,27.0,0.0,0.0,3.255407741561579
2004-02-27T12:53:14.600Z,28.127,87.66,68.1,4.8,mb,76.0,85.7,,0.73,,8.7,,25.0,0.0,0.0,3.103516066688793
2004-02-18T01:23:43.820Z,27.361,87.758,20.7,4.7,mb,40.0,88.3,,0.55,,14.4,,12.0,11.49910560747347,415.4110051595418,4.11351643115477
2004-01-06T03:13:28.930Z,30.539,86.042,46.2,4.6,mb,54.0,75.3,,0.66,,8.2,,23.0,0.0,0.0,3.2842496174982667
2004-01-03T13:14:28.680Z,27.739,85.931,17.1,4.9,mb,83.0,80.7,,0.68,,14.8,,33.0,24.287135086557146,1853.1153329371928,4.453846204895576
2003-12-10T17:17:37.330Z,30.469,83.278,33.0,4.5,mb,30.0,63.0,,0.89,,,,7.0,0.0,0.0,3.5019060132382744
2003-11-30T12:57:01.010Z,29.013,88.422,86.3,3.5,mb,10.0,86.7,,1.51,,18.5,,1.0,0.0,0.0,1.5086413341021903
2003-11-23T19:15:05.590Z,28.297,83.773,32.3,4.0,mb,21.0,121.5,,1.24,,5.5,,1.0,0.0,0.0,3.0115928071813536
2003-11-22T23:31:56.360Z,28.202,83.767,33.0,4.3,mb,15.0,101.6,,0.83,,,,4.0,0.0,0.0,3.29830875980523
2003-11-22T05:07:05.740Z,28.277,83.767,30.9,4.3,mb,28.0,95.6,,1.21,,4.7,,3.0,0.0,0.0,3.35967748813774
2003-11-15T14:43:59.540Z,30.24,83.103,33.0,4.2,mb,13.0,82.8,,0.7,,,,1.0,0.0,0.0,3.1961681781908107
2003-11-14T08:17:55.610Z,30.495,86.08,33.0,4.0,mb,22.0,111.1,,1.18,,,,2.0,0.0,0.0,2.9913159040774597
2003-11-11T07:16:32.300Z,30.005,86.439,33.0,3.9,mb,16.0,177.2,,0.71,,,,1.0,0.0,0.0,2.888642925937698
2003-09-29T13:40:30.450Z,27.358,87.738,33.0,4.6,mb,35.0,97.1,,0.68,,,,15.0,0.0,0.0,3.6033103694935913
2003-09-03T23:21:03.990Z,30.583,80.432,33.0,4.8,mb,21.0,73.9,,0.84,,,,11.0,0.0,0.0,3.8051794168118156
2003-08-28T22:45:10.940Z,30.391,80.589,33.0,3.9,mb,9.0,206.4,,1.4,,,,1.0,0.0,0.0,2.888642925937698
2003-08-20T03:34:54.190Z,30.169,82.219,33.0,4.6,mb,33.0,110.0,,0.54,,,,16.0,0.0,0.0,3.6033103694935913
2003-07-28T02:44:59.980Z,28.698,82.045,33.0,4.2,mb,20.0,114.8,,0.93,,,,2.0,0.0,0.0,3.1961681781908107
2003-07-21T04:39:52.520Z,30.629,85.902,33.0,3.9,mb,18.0,167.4,,1.04,,,,1.0,0.0,0.0,2.888642925937698
2003-07-08T12:30:36.140Z,26.905,87.546,33.0,3.9,mb,10.0,178.8,,1.21,,,,1.0,0.0,0.0,2.888642925937698
2003-07-01T05:13:53.580Z,30.924,86.377,33.0,4.3,mb,21.0,110.5,,1.27,,,,4.0,0.0,0.0,3.29830875980523
2003-06-23T12:30:54.080Z,27.79,88.168,80.3,4.2,mb,22.0,82.2,,0.9,,,,2.0,0.0,0.0,2.3116888307643846
2003-06-03T03:33:31.840Z,30.629,86.033,33.0,4.4,mb,27.0,170.7,,1.48,,,,5.0,0.0,0.0,3.4002296651617794
2003-05-18T19:58:50.490Z,29.511,81.86,33.0,4.4,mb,15.0,177.2,,0.71,,,,3.0,0.0,0.0,3.4002296651617794
2003-05-03T17:43:06.280Z,30.325,81.331,33.0,4.3,mb,27.0,105.1,,1.0,,,,7.0,0.0,0.0,3.29830875980523
2003-04-04T07:02:32.020Z,30.026,80.008,33.0,4.7,mb,51.0,80.1,,0.83,,,,22.0,0.0,0.0,3.7044125484074715
2003-03-21T12:25:11.360Z,29.748,80.566,33.0,4.2,mb,29.0,71.4,,1.07,,,,12.0,0.0,0.0,3.1961681781908107
2003-02-26T23:40:50.710Z,29.906,87.893,33.0,4.2,mb,15.0,,,1.27,,,,3.0,0.0,0.0,3.1961681781908107
2003-02-26T19:58:13.150Z,28.347,86.449,33.0,4.6,mb,15.0,,,0.46,,,,5.0,0.0,0.0,3.6033103694935913
2003-01-21T17:09:26.390Z,29.897,87.995,33.0,3.9,mb,15.0,,,1.15,,,,3.0,0.0,0.0,2.888642925937698
2003-01-18T10:31:48.640Z,28.622,81.95,33.0,4.3,mb,17.0,,,1.08,,,,3.0,0.0,0.0,3.29830875980523
2003-01-16T11:36:49.140Z,29.8,88.006,12.2,5.1,mb,115.0,,,0.83,,,,63.0,35.00707646227017,3850.0073532985866,4.851071428330838
2002-12-30T16:46:27.570Z,30.717,86.272,51.3,4.2,mb,29.0,,,1.06,,13.8,,9.0,0.0,0.0,2.7697071609428083
2002-12-27T03:28:32.590Z,29.662,87.725,33.0,4.2,mb,12.0,,,1.36,,,,1.0,0.0,0.0,3.1961681781908107
2002-12-22T19:12:56.850Z,29.584,88.946,77.3,3.5,mb,14.0,,,1.01,,17.3,,1.0,0.0,0.0,1.6254540055350875
2002-12-16T11:56:58.570Z,29.725,87.822,33.0,4.2,mb,19.0,,,1.15,,,,3.0,0.0,0.0,3.1961681781908107
2002-11-13T11:58:17.350Z,30.744,84.145,33.0,4.1,mb,14.0,,,0.97,,,,1.0,0.0,0.0,3.0938304423464027
2002-11-04T10:59:35.240Z,28.855,82.208,33.0,4.2,mb,12.0,,,0.99,,,,1.0,0.0,0.0,3.1961681781908107
2002-10-29T17:26:33.450Z,28.007,87.423,33.0,4.1,mb,11.0,,,1.32,,,,1.0,0.0,0.0,3.0938304423464027
2002-10-20T06:49:58.290Z,30.708,84.097,33.0,3.5,mb,9.0,,,1.44,,,,1.0,0.0,0.0,2.476673573954792
2002-10-11T22:24:29.790Z,29.919,88.009,33.0,4.4,mb,33.0,,,1.36,,,,4.0,0.0,0.0,3.4002296651617794
2002-09-27T09:51:07.180Z,29.784,87.885,33.0,4.4,mb,20.0,,,1.12,,,,9.0,0.0,0.0,3.4002296651617794
2002-08-31T12:40:35.370Z,29.871,87.878,33.0,5.0,mb,123.0,,,1.16,,,,82.0,3.6787213395541754,42.51514414565616,4.005558816151229
2002-08-22T04:50:14.270Z,29.818,88.087,38.5,4.5,mb,36.0,,,1.13,,13.6,,18.0,0.0,0.0,3.357029525503744
2002-08-16T07:14:34.880Z,30.059,87.887,33.0,4.1,mb,7.0,,,1.55,,,,1.0,0.0,0.0,3.0938304423464027
2002-08-14T13:01:33.860Z,30.273,81.246,33.0,3.8,mb,10.0,,,0.66,,,,1.0,0.0,0.0,2.7858280529875405
2002-08-06T23:30:01.020Z,29.912,87.87,33.0,4.6,mb,51.0,,,1.13,,,,34.0,0.0,0.0,3.6033103694935913
2002-08-05T00:52:06.510Z,30.251,81.278,33.0,3.7,mb,12.0,,,0.91,,,,1.0,0.0,0.0,2.682886174447484
2002-08-01T15:17:17.960Z,29.895,87.948,33.0,4.4,mb,18.0,,,0.84,,,,6.0,0.0,0.0,3.4002296651617794
2002-07-25T09:45:49.540Z,29.971,87.843,33.0,3.9,mb,7.0,,,0.52,,,,2.0,0.0,0.0,2.888642925937698
2002-07-18T23:24:20.490Z,28.19,87.525,33.0,3.9,mb,6.0,,,0.62,,,,2.0,0.0,0.0,2.888642925937698
2002-07-16T18:39:24.490Z,27.774,87.468,33.0,4.0,mb,11.0,,,1.22,,,,1.0,0.0,0.0,2.9913159040774597
2002-07-09T03:08:05.280Z,29.889,87.995,33.0,4.7,mb,58.0,,,1.07,,,,27.0,0.0,0.0,3.7044125484074715
2002-07-02T17:10:39.590Z,26.897,84.511,33.0,3.9,mb,11.0,,,0.67,,,,1.0,0.0,0.0,2.888642925937698
2002-06-16T20:35:43.860Z,29.845,87.853,12.8,4.3,mb,11.0,,,0.94,,,,2.0,7.442926144133042,174.03527817239421,4.112813053049508
2002-06-12T17:51:00.530Z,30.269,81.36,33.0,3.8,mb,13.0,,,0.99,,,,1.0,0.0,0.0,2.7858280529875405
2002-06-09T16:17:13.440Z,30.501,81.457,33.0,4.0,mb,22.0,,,0.78,,,,4.0,0.0,0.0,2.9913159040774597
2002-06-06T01:56:14.520Z,30.618,81.42,33.0,3.7,mb,11.0,,,0.65,,,,1.0,0.0,0.0,2.682886174447484
2002-06-06T01:35:52.320Z,30.457,81.251,33.0,4.7,mb,29.0,,,1.33,,,,11.0,0.0,0.0,3.7044125484074715
2002-06-05T05:35:43.480Z,30.392,81.264,33.0,4.4,mb,17.0,,,1.23,,,,5.0,0.0,0.0,3.4002296651617794
2002-06-04T17:27:07.180Z,30.425,81.398,33.0,4.4,mb,23.0,,,1.27,,,,7.0,0.0,0.0,3.4002296651617794
2002-06-04T15:27:07.270Z,30.323,81.243,33.0,4.0,mb,21.0,,,1.02,,,,4.0,0.0,0.0,2.9913159040774597
2002-06-04T14:47:16.310Z,30.473,81.447,33.0,4.6,mb,45.0,,,1.03,,,,22.0,0.0,0.0,3.6033103694935913
2002-06-04T14:36:05.800Z,30.595,81.44,33.0,5.6,mwc,273.0,,,0.83,,,,,53.75381380519468,9077.54557436262,4.594160266977592
2002-06-02T06:12:13.830Z,28.137,83.518,33.0,3.8,mb,16.0,,,0.8,,,,1.0,0.0,0.0,2.7858280529875405
2002-05-22T19:28:15.460Z,29.442,81.928,33.0,4.3,mb,25.0,,,0.88,,,,5.0,0.0,0.0,3.29830875980523
2002-05-09T01:09:20.620Z,29.826,87.837,33.6,4.6,mb,37.0,,,1.12,,14.0,,19.0,0.0,0.0,3.58662772599886
2002-05-08T17:57:01.420Z,28.659,86.584,115.6,4.0,mb,12.0,,,1.13,,22.1,,2.0,0.0,0.0,1.7076013594522335
2002-05-03T13:55:45.050Z,30.876,86.387,33.0,4.1,mb,24.0,,,1.23,,,,5.0,0.0,0.0,3.0938304423464027
2002-04-09T02:09:42.040Z,29.826,87.909,33.0,4.0,mb,14.0,,,1.14,,,,2.0,0.0,0.0,2.9913159040774597
2002-04-02T19:57:21.290Z,29.287,87.009,33.0,4.6,mb,16.0,,,1.14,,,,2.0,0.0,0.0,3.6033103694935913
2002-04-02T19:34:14.790Z,29.043,86.873,33.0,4.2,mb,13.0,,,0.9,,,,2.0,0.0,0.0,3.1961681781908107
2002-03-31T12:40:28.000Z,29.873,87.983,33.0,4.4,mb,25.0,,,1.37,,,,3.0,0.0,0.0,3.4002296651617794
2002-03-28T03:01:20.670Z,29.899,88.095,33.0,4.3,mb,9.0,,,0.82,,,,1.0,0.0,0.0,3.29830875980523
2002-03-23T04:56:25.890Z,29.863,87.928,33.0,4.7,mb,61.0,,,1.03,,,,31.0,0.0,0.0,3.7044125484074715
2002-03-21T13:03:21.700Z,29.766,88.053,53.4,4.2,mb,23.0,,,1.29,,16.0,,8.0,0.0,0.0,2.729788565969644
2002-03-07T15:50:18.920Z,29.625,84.419,70.0,4.6,mb,16.0,,,0.88,,12.0,,4.0,0.0,0.0,2.8688433237031545
2002-01-31T02:11:01.040Z,29.901,87.899,39.6,4.3,mb,17.0,,,0.61,,9.8,,2.0,0.0,0.0,3.1253452658418097
2002-01-27T19:13:15.990Z,29.885,87.882,33.0,3.7,mb,8.0,,,1.27,,,,1.0,0.0,0.0,2.682886174447484
2001-12-18T02:22:00.070Z,29.612,81.78,33.0,4.9,mb,64.0,,,0.86,,,,34.0,0.0,0.0,3.905574702794677
2001-12-02T22:41:13.790Z,27.15,88.171,33.0,5.1,mb,147.0,,,0.95,,,,63.0,16.891873858019128,896.4076040996058,4.105088687669661
2001-11-30T21:46:04.570Z,29.327,81.638,33.0,4.7,mb,37.0,,,0.81,,,,16.0,0.0,0.0,3.7044125484074715
2001-11-28T10:05:33.840Z,29.344,81.601,33.0,4.2,mb,15.0,,,0.94,,,,2.0,0.0,0.0,3.1961681781908107
2001-11-27T17:56:55.110Z,29.51,81.739,33.0,5.1,mb,148.0,,,1.13,,,,93.0,16.891873858019128,896.4076040996058,4.105088687669661
2001-11-27T08:53:54.080Z,29.548,81.745,33.0,5.4,mwc,295.0,,,0.95,,,,,39.14722001367236,4814.505930594969,4.400467451813434
2001-11-27T08:46:19.160Z,29.39,81.631,33.0,4.8,mb,32.0,,,0.89,,,,9.0,0.0,0.0,3.8051794168118156
2001-11-27T07:31:52.330Z,29.606,81.752,33.0,5.5,mwc,348.0,,,0.88,,,,,46.313946156277126,6738.658463557848,4.497676293739204
2001-11-07T04:58:06.240Z,30.106,85.452,33.0,4.1,mb,11.0,,,1.39,,,,1.0,0.0,0.0,3.0938304423464027
2001-09-27T22:40:11.220Z,26.817,87.593,33.0,4.3,mb,35.0,,,1.24,,,,8.0,0.0,0.0,3.29830875980523
2001-09-13T06:20:35.340Z,29.762,80.488,36.0,4.4,mb,41.0,,,1.07,,8.3,,8.0,0.0,0.0,3.318499944041671
2001-08-06T06:23:29.050Z,27.66,87.427,33.0,4.4,mb,12.0,,,1.0,,,,1.0,0.0,0.0,3.4002296651617794
2001-07-16T23:01:41.000Z,28.133,84.0,33.0,4.1,mb,26.0,,,0.86,,,,8.0,0.0,0.0,3.0938304423464027
2001-07-16T16:12:46.750Z,27.957,85.178,33.0,5.0,mb,124.0,,,1.0,,,,65.0,3.6787213395541754,42.51514414565616,4.005558816151229
2001-07-02T15:24:50.610Z,30.549,86.538,33.0,4.5,mb,28.0,,,1.25,,,,9.0,0.0,0.0,3.5019060132382744
2001-05-28T21:09:45.550Z,29.725,85.718,33.0,3.5,mb,11.0,,,0.9,,,,1.0,0.0,0.0,2.476673573954792
2001-04-29T10:39:05.170Z,28.912,87.222,33.0,4.7,mb,73.0,,,1.0,,,,33.0,0.0,0.0,3.7044125484074715
2001-04-28T10:37:56.570Z,28.872,87.162,33.0,5.2,mb,260.0,,,0.86,,,,135.0,24.896418785017158,1947.258615653135,4.204117635938038
2001-04-15T08:36:34.310Z,29.248,81.321,33.0,4.3,mb,33.0,,,0.99,,,,12.0,0.0,0.0,3.29830875980523
2001-04-12T22:08:51.540Z,29.94,88.114,33.0,4.6,mb,47.0,,,1.1,,,,24.0,0.0,0.0,3.6033103694935913
2001-04-08T18:35:49.160Z,27.341,88.087,33.0,3.8,mb,17.0,,,1.21,,,,3.0,0.0,0.0,2.7858280529875405
2001-04-03T23:08:35.920Z,27.801,86.127,33.0,4.6,mb,68.0,,,0.99,,,,21.0,0.0,0.0,3.6033103694935913
2000-10-26T15:22:34.920Z,29.211,81.875,33.0,4.8,mb,58.0,,,0.99,,,,28.0,0.0,0.0,3.8051794168118156
2000-10-09T01:21:10.850Z,29.332,81.479,33.0,4.1,mb,11.0,,,1.09,,,,1.0,0.0,0.0,3.0938304423464027
2000-10-08T06:14:57.420Z,30.193,88.115,33.0,4.7,mb,53.0,,,1.31,,,,33.0,0.0,0.0,3.7044125484074715
2000-09-06T07:19:13.500Z,28.557,86.345,105.4,3.7,mb,15.0,,,0.87,,11.9,,2.0,0.0,0.0,1.4990194463328312
2000-05-29T03:06:10.550Z,30.759,86.984,33.0,4.4,mb,,,,1.3,,,,7.0,0.0,0.0,3.4002296651617794
2000-05-29T02:14:01.860Z,30.944,87.111,33.0,4.1,mb,,,,1.45,,,,5.0,0.0,0.0,3.0938304423464027
2000-05-23T18:29:17.550Z,30.846,87.331,33.0,3.9,mb,,,,0.9,,,,4.0,0.0,0.0,2.888642925937698
2000-05-05T22:48:19.830Z,29.398,81.573,81.3,4.4,mb,,,,1.15,,25.8,,2.0,0.0,0.0,2.5058891442664053
2000-04-10T15:02:08.520Z,30.228,88.176,33.0,3.7,mb,,,,0.54,,,,1.0,0.0,0.0,2.682886174447484
2000-03-26T15:58:34.130Z,30.428,88.247,33.0,3.8,mb,,,,0.84,,,,1.0,0.0,0.0,2.7858280529875405
2000-03-13T20:44:31.520Z,27.656,87.852,33.0,4.3,mb,,,,1.16,,,,5.0,0.0,0.0,3.29830875980523
2000-02-26T04:04:34.870Z,28.494,82.145,33.0,4.6,mb,,,,1.13,,,,42.0,0.0,0.0,3.6033103694935913
2000-02-21T18:21:36.160Z,28.442,86.578,33.0,4.1,mb,,,,1.16,,,,3.0,0.0,0.0,3.0938304423464027
2000-01-20T12:54:24.340Z,27.785,85.813,33.0,4.4,mb,,,,1.18,,,,9.0,0.0,0.0,3.4002296651617794
1999-12-25T00:45:24.350Z,30.314,87.689,33.0,4.1,mb,,,,0.46,,,,2.0,0.0,0.0,3.0938304423464027
1999-12-21T17:17:30.820Z,30.938,86.224,33.0,4.0,mb,,,,1.54,,,,2.0,0.0,0.0,2.9913159040774597
1999-12-01T13:56:43.750Z,30.024,81.444,33.0,4.5,mb,,,,1.43,,,,11.0,0.0,0.0,3.5019060132382744
1999-11-16T11:41:33.660Z,30.385,82.773,33.0,4.6,mb,,,,1.15,,,,13.0,0.0,0.0,3.6033103694935913
1999-10-03T06:38:41.980Z,30.172,88.116,33.0,4.3,mb,,,,1.55,,,,4.0,0.0,0.0,3.29830875980523
1999-09-05T13:48:02.600Z,30.814,80.877,33.0,3.8,mb,,,,0.62,,,,2.0,0.0,0.0,2.7858280529875405
1999-09-05T02:28:16.980Z,28.159,87.413,33.0,4.5,mb,,,,0.97,,,,20.0,0.0,0.0,3.5019060132382744
1999-08-01T08:24:46.170Z,28.442,86.733,40.2,5.2,mb,,,,0.68,,6.8,,103.0,9.632843210545632,291.51362350517,4.025834029840748
1999-06-13T07:38:01.070Z,28.515,86.254,33.0,3.8,mb,,,,1.25,,,,1.0,0.0,0.0,2.7858280529875405
1999-05-28T19:00:11.610Z,29.356,81.003,33.0,4.3,mb,,,,0.84,,,,7.0,0.0,0.0,3.29830875980523
1999-04-24T19:48:35.920Z,28.379,81.161,33.0,4.3,mb,,,,1.33,,,,2.0,0.0,0.0,3.29830875980523
1999-04-10T20:42:33.560Z,28.217,87.964,33.0,3.9,mb,,,,1.28,,,,2.0,0.0,0.0,2.888642925937698
1999-03-19T05:53:40.650Z,27.748,85.609,33.0,4.5,mb,,,,1.09,,,,11.0,0.0,0.0,3.5019060132382744
1999-02-01T01:25:43.510Z,28.492,83.188,33.0,4.2,mb,,,,1.06,,,,4.0,0.0,0.0,3.1961681781908107
1998-12-25T10:44:40.140Z,30.328,86.472,33.0,4.4,mb,,,,0.8,,,,4.0,0.0,0.0,3.4002296651617794
1998-12-01T05:35:09.200Z,27.935,87.649,33.0,4.8,mb,,,,0.88,,,,12.0,0.0,0.0,3.8051794168118156
1998-11-26T10:14:27.630Z,27.753,87.894,73.1,5.1,mb,,,,0.76,,,,102.0,0.0,0.0,3.3398543256958386
1998-10-24T13:19:53.200Z,30.405,88.155,45.9,4.1,mb,,,,1.06,,16.8,,1.0,0.0,0.0,2.776252161036782
1998-10-05T10:24:48.790Z,30.203,88.298,33.0,5.2,mwc,,,,1.09,,,,,24.896418785017158,1947.258615653135,4.204117635938038
1998-10-02T17:36:44.620Z,29.17,85.136,33.0,4.2,mb,,,,1.12,,,,3.0,0.0,0.0,3.1961681781908107
1998-09-30T02:29:55.140Z,29.948,88.117,33.0,5.2,mwc,,,,1.18,,,,,24.896418785017158,1947.258615653135,4.204117635938038
1998-09-26T20:48:44.110Z,27.521,86.135,33.0,3.9,mb,,,,1.13,,,,1.0,0.0,0.0,2.888642925937698
1998-09-21T23:24:40.670Z,29.94,88.005,33.0,4.1,mb,,,,0.97,,,,3.0,0.0,0.0,3.0938304423464027
1998-09-12T05:08:52.140Z,27.852,86.9,33.0,4.2,mb,,,,1.37,,,,3.0,0.0,0.0,3.1961681781908107
1998-09-10T22:57:16.900Z,27.199,88.341,33.0,4.7,mb,,,,1.37,,,,14.0,0.0,0.0,3.7044125484074715
1998-09-08T02:03:29.740Z,30.344,88.141,33.0,4.4,mb,,,,0.78,,,,2.0,0.0,0.0,3.4002296651617794
1998-09-07T10:44:39.060Z,30.27,88.129,33.0,4.7,mb,,,,1.13,,,,23.0,0.0,0.0,3.7044125484074715
1998-09-06T21:35:49.470Z,27.859,86.895,33.0,4.6,mb,,,,1.04,,,,18.0,0.0,0.0,3.6033103694935913
1998-09-04T01:10:18.460Z,27.777,86.793,33.0,4.2,mb,,,,1.04,,,,1.0,0.0,0.0,3.1961681781908107
1998-09-04T00:36:17.990Z,27.455,86.464,33.0,4.1,mb,,,,1.04,,,,2.0,0.0,0.0,3.0938304423464027
1998-09-03T23:02:28.330Z,27.6,86.733,33.0,4.6,mb,,,,0.73,,,,28.0,0.0,0.0,3.6033103694935913
1998-09-03T21:00:53.590Z,27.729,86.88,33.0,4.1,mb,,,,1.44,,,,1.0,0.0,0.0,3.0938304423464027
1998-09-03T18:51:38.600Z,27.65,86.802,33.0,4.4,mb,,,,1.19,,,,1.0,0.0,0.0,3.4002296651617794
1998-09-03T18:15:56.560Z,27.85,86.941,33.0,5.6,mb,,,,0.98,,,,137.0,53.75381380519468,9077.54557436262,4.594160266977592
1998-08-30T04:11:35.070Z,30.034,88.081,33.0,4.6,mb,,,,1.09,,,,30.0,0.0,0.0,3.6033103694935913
1998-08-30T03:49:48.110Z,29.904,87.989,33.0,4.0,mb,,,,1.17,,,,2.0,0.0,0.0,2.9913159040774597
1998-08-30T03:37:48.980Z,30.044,88.077,33.0,5.0,ms,,,,1.1,,,,1.0,3.6787213395541754,42.51514414565616,4.005558816151229
1998-08-28T22:01:55.790Z,30.191,88.15,33.0,5.0,mwc,,,,0.91,,,,,3.6787213395541754,42.51514414565616,4.005558816151229
1998-08-25T23:23:34.880Z,30.299,88.112,33.0,4.6,mb,,,,1.19,,,,2.0,0.0,0.0,3.6033103694935913
1998-08-25T15:16:02.760Z,29.976,88.105,33.0,4.4,mb,,,,0.99,,,,5.0,0.0,0.0,3.4002296651617794
1998-08-25T13:50:06.160Z,30.099,88.054,33.0,4.1,mb,,,,0.95,,,,3.0,0.0,0.0,3.0938304423464027
1998-08-25T13:39:49.500Z,29.926,88.124,33.0,3.8,mb,,,,0.91,,,,2.0,0.0,0.0,2.7858280529875405
1998-08-25T12:43:04.300Z,29.961,88.091,33.0,4.4,mb,,,,1.1,,,,5.0,0.0,0.0,3.4002296651617794
1998-08-25T12:29:45.130Z,30.022,88.06,33.0,4.6,mb,,,,0.98,,,,7.0,0.0,0.0,3.6033103694935913
1998-08-25T10:25:06.080Z,29.983,88.103,33.0,4.4,mb,,,,0.84,,,,4.0,0.0,0.0,3.4002296651617794
1998-08-25T09:56:44.070Z,29.831,87.91,33.0,4.4,mb,,,,0.88,,,,5.0,0.0,0.0,3.4002296651617794
1998-08-25T09:43:06.020Z,29.998,88.099,33.0,4.1,mb,,,,0.63,,,,2.0,0.0,0.0,3.0938304423464027
1998-08-25T08:13:04.510Z,30.172,88.134,33.0,3.9,mb,,,,1.44,,,,1.0,0.0,0.0,2.888642925937698
1998-08-25T08:01:45.680Z,30.061,88.172,33.0,4.1,mb,,,,0.62,,,,1.0,0.0,0.0,3.0938304423464027
1998-08-25T07:59:00.740Z,30.024,88.188,33.0,4.6,mb,,,,0.88,,,,6.0,0.0,0.0,3.6033103694935913
1998-08-25T07:41:40.190Z,30.079,88.109,33.0,5.9,mwc,,,,0.99,,,,,78.66499427060602,19440.74498528597,4.878597450589338
1998-08-09T04:23:28.940Z,30.348,88.004,33.0,3.9,mb,,,,0.96,,,,1.0,0.0,0.0,2.888642925937698
1998-08-07T21:08:37.750Z,30.213,88.162,33.0,4.3,mb,,,,1.22,,,,12.0,0.0,0.0,3.29830875980523
1998-07-31T17:50:18.330Z,28.01,87.73,33.0,4.1,mb,,,,1.09,,,,3.0,0.0,0.0,3.0938304423464027
1998-07-29T16:59:50.760Z,30.26,87.929,33.0,3.8,mb,,,,0.93,,,,1.0,0.0,0.0,2.7858280529875405
1998-07-23T10:54:37.220Z,30.367,88.198,33.0,3.8,mb,,,,1.45,,,,1.0,0.0,0.0,2.7858280529875405
1998-07-21T16:48:46.280Z,30.435,87.955,33.0,4.0,mb,,,,0.88,,,,1.0,0.0,0.0,2.9913159040774597
1998-07-21T14:40:44.670Z,30.375,88.192,15.7,5.1,mwc,,,,1.11,,,,,33.583409630876226,3543.230830675542,4.6952193419408115
1998-07-20T23:41:11.000Z,30.025,88.167,33.0,4.0,mb,,,,1.11,,,,2.0,0.0,0.0,2.9913159040774597
1998-07-20T12:31:54.960Z,30.364,87.949,33.0,4.3,mb,,,,1.23,,,,3.0,0.0,0.0,3.29830875980523
1998-07-20T12:31:27.600Z,30.293,87.925,33.0,4.2,mb,,,,0.85,,,,1.0,0.0,0.0,3.1961681781908107
1998-07-20T03:27:06.680Z,30.213,87.98,33.0,4.0,mb,,,,1.03,,,,4.0,0.0,0.0,2.9913159040774597
1998-07-20T02:35:26.600Z,30.241,87.934,33.0,4.1,mb,,,,1.06,,,,2.0,0.0,0.0,3.0938304423464027
1998-07-20T01:37:25.710Z,30.267,88.068,33.0,3.8,mb,,,,0.6,,,,1.0,0.0,0.0,2.7858280529875405
1998-07-20T01:31:19.130Z,30.141,88.03,33.0,4.6,mb,,,,1.25,,,,18.0,0.0,0.0,3.6033103694935913
1998-07-20T01:29:18.200Z,30.127,88.133,33.0,4.2,mb,,,,1.38,,,,4.0,0.0,0.0,3.1961681781908107
1998-07-20T01:18:14.510Z,30.202,88.055,33.0,4.7,mb,,,,1.01,,,,32.0,0.0,0.0,3.7044125484074715
1998-07-20T01:07:56.150Z,30.435,88.191,33.0,4.8,mb,,,,0.83,,,,3.0,0.0,0.0,3.8051794168118156
1998-07-20T01:05:58.350Z,30.134,88.173,33.2,5.8,mwb,,,,1.02,,5.4,,,69.7596659424141,15288.28102306369,4.779789500336597
1998-07-15T04:36:01.080Z,29.576,81.466,33.0,4.7,mb,,,,1.22,,,,11.0,0.0,0.0,3.7044125484074715
1998-06-27T09:05:59.270Z,27.675,85.568,33.0,4.9,mb,,,,0.68,,,,44.0,0.0,0.0,3.905574702794677
1998-05-20T08:42:52.840Z,29.561,81.484,33.0,3.0,mb,,,,1.33,,,,1.0,0.0,0.0,1.9597047260229234
1998-05-16T10:31:01.250Z,26.644,84.667,33.0,4.2,mb,,,,0.62,,,,4.0,0.0,0.0,3.1961681781908107
1998-05-10T14:56:22.950Z,29.408,82.016,33.0,4.1,mb,,,,0.96,,,,4.0,0.0,0.0,3.0938304423464027
1998-03-27T19:43:29.680Z,30.043,81.644,33.0,3.7,mb,,,,0.81,,,,1.0,0.0,0.0,2.682886174447484
1998-03-18T18:12:18.930Z,27.368,88.334,33.0,4.0,mb,,,,1.1,,,,1.0,0.0,0.0,2.9913159040774597
1998-03-15T20:35:29.300Z,28.554,86.886,33.0,4.4,mb,,,,0.98,,,,4.0,0.0,0.0,3.4002296651617794
1998-02-28T04:59:30.750Z,27.024,87.561,33.0,4.4,mb,,,,1.01,,,,7.0,0.0,0.0,3.4002296651617794
1998-02-22T22:47:44.140Z,30.215,88.047,33.0,4.6,mb,,,,0.96,,,,12.0,0.0,0.0,3.6033103694935913
1998-02-22T22:45:24.880Z,30.117,88.156,33.0,4.1,mb,,,,1.44,,,,4.0,0.0,0.0,3.0938304423464027
1998-02-22T02:40:38.050Z,28.453,85.435,33.0,4.8,mb,,,,0.88,,,,34.0,0.0,0.0,3.8051794168118156
1998-02-12T02:40:29.130Z,26.517,88.199,33.0,4.6,mb,,,,1.15,,,,2.0,0.0,0.0,3.6033103694935913
1998-02-01T17:32:48.220Z,28.19,87.122,33.0,4.5,mb,,,,0.98,,,,1.0,0.0,0.0,3.5019060132382744
1998-01-16T18:06:42.510Z,30.006,86.027,33.0,4.0,mb,,,,1.15,,,,4.0,0.0,0.0,2.9913159040774597
1997-12-08T02:03:55.840Z,27.475,87.175,33.0,5.0,mb,,,,0.91,,,,45.0,3.6787213395541754,42.51514414565616,4.005558816151229
1997-11-27T16:55:52.110Z,27.74,87.761,33.0,4.2,mb,,,,1.16,,,,3.0,0.0,0.0,3.1961681781908107
1997-11-27T16:11:57.070Z,27.618,87.347,33.0,5.1,mb,,,,1.09,,,,62.0,16.891873858019128,896.4076040996058,4.105088687669661
1997-11-04T04:03:08.620Z,28.879,85.609,33.0,3.9,mb,,,,1.2,,,,1.0,0.0,0.0,2.888642925937698
1997-11-03T02:29:51.820Z,29.078,85.383,33.0,5.5,mwc,,,,1.07,,,,,46.313946156277126,6738.658463557848,4.497676293739204
1997-10-24T12:06:51.820Z,28.536,82.345,33.0,4.8,mb,,,,1.03,,,,23.0,0.0,0.0,3.8051794168118156
1997-10-11T10:11:10.340Z,27.733,86.498,33.0,4.3,mb,,,,0.83,,,,1.0,0.0,0.0,3.29830875980523
1997-09-18T07:37:10.010Z,28.872,88.148,33.0,4.6,mb,,,,0.87,,,,1.0,0.0,0.0,3.6033103694935913
1997-09-17T01:22:14.040Z,29.74,83.7,33.0,4.3,mb,,,,1.2,,,,2.0,0.0,0.0,3.29830875980523
1997-09-13T18:38:09.500Z,30.119,88.193,33.0,4.3,mb,,,,1.41,,,,2.0,0.0,0.0,3.29830875980523
1997-08-16T20:30:55.060Z,30.022,86.224,33.0,4.4,mb,,,,0.78,,,,2.0,0.0,0.0,3.4002296651617794
1997-07-09T07:18:52.920Z,29.896,88.397,33.0,4.1,mb,,,,0.94,,,,3.0,0.0,0.0,3.0938304423464027
1997-07-08T21:16:49.840Z,29.834,88.313,33.0,3.7,mb,,,,0.84,,,,1.0,0.0,0.0,2.682886174447484
1997-07-05T06:22:53.530Z,28.803,86.862,33.0,4.8,mb,,,,1.52,,,,1.0,0.0,0.0,3.8051794168118156
1997-05-02T20:09:28.810Z,29.434,80.426,33.0,4.6,mb,,,,0.61,,,,3.0,0.0,0.0,3.6033103694935913
1997-04-07T13:00:42.180Z,27.427,86.545,33.0,4.4,mb,,,,1.41,,,,2.0,0.0,0.0,3.4002296651617794
1997-04-05T17:31:51.200Z,30.093,86.059,33.0,4.5,mb,,,,1.12,,,,8.0,0.0,0.0,3.5019060132382744
1997-03-24T21:28:06.090Z,27.887,84.987,33.0,4.5,mb,,,,1.2,,,,6.0,0.0,0.0,3.5019060132382744
1997-03-22T21:16:04.850Z,29.895,88.151,33.0,4.4,mb,,,,1.38,,,,4.0,0.0,0.0,3.4002296651617794
1997-03-22T21:14:39.180Z,30.168,87.803,33.0,3.4,mb,,,,0.63,,,,1.0,0.0,0.0,2.3734256572568775
1997-03-03T09:29:39.970Z,27.244,86.082,44.8,4.7,mb,,,,1.06,,,,11.0,0.0,0.0,3.4164240521060214
1997-02-03T10:38:13.800Z,27.758,85.023,28.7,3.8,mb,,,,1.24,,,,1.0,0.0,0.0,2.917718916096101
1997-02-03T00:43:05.610Z,27.976,85.049,17.8,3.9,mb,,,,1.11,,,,1.0,0.0,0.0,3.4531956421071452
1997-01-31T20:55:53.180Z,27.904,85.12,10.0,3.9,mb,,,,0.75,,,,1.0,0.0,0.0,3.9239432159839214
1997-01-31T20:02:16.640Z,27.946,85.127,22.2,5.2,mb,,,,1.02,,,,71.0,34.87107208445068,3820.1504920172274,4.534624344567796
1997-01-31T17:09:15.910Z,27.998,85.218,10.0,4.4,mb,,,,1.09,,,,7.0,13.359590422338158,560.7072353058386,4.376612577921321
1997-01-25T20:08:28.740Z,30.074,88.087,33.0,4.4,mb,,,,0.87,,,,12.0,0.0,0.0,3.4002296651617794
1997-01-08T19:56:12.580Z,30.349,88.009,33.0,3.6,mb,,,,0.86,,,,1.0,0.0,0.0,2.579830674767228
1997-01-05T08:47:25.400Z,29.845,80.532,33.0,5.6,mwc,,,,0.9,,,,,53.75381380519468,9077.54557436262,4.594160266977592
1996-12-30T15:16:29.590Z,27.239,86.505,33.0,3.6,mb,,,,1.11,,,,1.0,0.0,0.0,2.579830674767228
1996-12-30T11:08:18.920Z,27.435,86.638,33.0,5.0,mb,,,,1.08,,,,56.0,3.6787213395541754,42.51514414565616,4.005558816151229
1996-12-29T21:51:32.730Z,29.528,81.671,33.0,4.0,mb,,,,1.08,,,,2.0,0.0,0.0,2.9913159040774597
1996-12-22T21:45:45.090Z,28.753,81.599,33.0,3.6,mb,,,,1.09,,,,1.0,0.0,0.0,2.579830674767228
1996-11-08T00:54:13.290Z,29.345,81.637,33.0,5.0,mb,,,,1.4,,,,1.0,3.6787213395541754,42.51514414565616,4.005558816151229
1996-11-04T20:43:55.170Z,29.244,81.775,76.7,4.6,mb,,,,1.19,,20.8,,7.0,0.0,0.0,2.7740673058388494
1996-10-14T14:49:12.740Z,29.944,88.166,33.0,4.4,mb,,,,1.28,,,,2.0,0.0,0.0,3.4002296651617794
1996-10-03T01:29:03.110Z,28.209,87.489,33.0,4.5,mb,,,,1.31,,,,2.0,0.0,0.0,3.5019060132382744
1996-09-25T17:41:17.240Z,27.433,88.552,33.0,5.0,mb,,,,1.12,,,,22.0,3.6787213395541754,42.51514414565616,4.005558816151229
1996-09-13T03:41:08.660Z,27.033,88.234,33.0,4.5,mb,,,,0.84,,,,3.0,0.0,0.0,3.5019060132382744
1996-08-29T08:38:25.150Z,30.089,88.18,33.0,4.7,mb,,,,0.88,,,,7.0,0.0,0.0,3.7044125484074715
1996-08-25T21:46:08.620Z,30.139,87.736,33.0,4.5,mb,,,,1.2,,,,3.0,0.0,0.0,3.5019060132382744
1996-08-07T20:42:55.280Z,29.99,88.114,33.0,3.8,mb,,,,0.5,,,,8.0,0.0,0.0,2.7858280529875405
1996-08-07T08:03:44.440Z,30.139,87.979,33.0,3.9,mb,,,,1.2,,,,9.0,0.0,0.0,2.888642925937698
1996-08-03T07:12:06.420Z,30.076,88.255,33.0,4.1,mb,,,,0.5,,,,10.0,0.0,0.0,3.0938304423464027
1996-07-31T08:02:52.700Z,30.111,88.143,33.0,5.1,mb,,,,0.8,,,,70.0,16.891873858019128,896.4076040996058,4.105088687669661
1996-07-31T08:00:27.580Z,30.174,88.178,33.0,5.5,mwc,,,,1.1,,,,,46.313946156277126,6738.658463557848,4.497676293739204
1996-07-22T15:54:07.110Z,30.017,88.02,33.0,4.5,mb,,,,0.8,,,,30.0,0.0,0.0,3.5019060132382744
1996-07-18T10:25:02.420Z,30.093,88.173,33.0,4.6,mb,,,,0.7,,,,30.0,0.0,0.0,3.6033103694935913
1996-07-13T13:19:44.180Z,30.11,88.215,33.0,4.1,mb,,,,1.2,,,,10.0,0.0,0.0,3.0938304423464027
1996-07-13T08:29:03.880Z,29.988,88.059,33.0,4.3,mb,,,,0.8,,,,11.0,0.0,0.0,3.29830875980523
1996-07-12T11:54:31.560Z,30.066,88.103,33.0,4.2,mb,,,,0.6,,,,14.0,0.0,0.0,3.1961681781908107
1996-07-12T03:47:39.980Z,30.384,88.456,33.0,4.2,mb,,,,0.7,,,,9.0,0.0,0.0,3.1961681781908107
1996-07-12T02:51:48.270Z,30.104,88.317,33.0,3.9,mb,,,,0.9,,,,7.0,0.0,0.0,2.888642925937698
1996-07-12T02:09:17.950Z,30.06,87.887,33.0,4.3,mb,,,,1.1,,,,13.0,0.0,0.0,3.29830875980523
1996-07-10T17:41:35.230Z,29.148,81.674,33.0,4.0,mb,,,,0.7,,,,5.0,0.0,0.0,2.9913159040774597
1996-07-08T23:57:55.280Z,30.298,88.24,33.0,4.1,mb,,,,1.3,,,,10.0,0.0,0.0,3.0938304423464027
1996-07-08T23:28:29.910Z,30.385,88.207,33.0,4.0,mb,,,,1.5,,,,7.0,0.0,0.0,2.9913159040774597
1996-07-08T00:18:36.200Z,30.05,88.155,33.0,4.5,mb,,,,1.0,,,,27.0,0.0,0.0,3.5019060132382744
1996-07-06T08:12:39.490Z,29.958,87.892,33.0,3.8,mb,,,,1.5,,,,9.0,0.0,0.0,2.7858280529875405
1996-07-05T13:09:56.180Z,30.06,88.08,33.0,4.2,mb,,,,1.0,,,,11.0,0.0,0.0,3.1961681781908107
1996-07-04T18:11:04.670Z,30.009,88.077,33.0,4.9,mb,,,,1.0,,,,33.0,0.0,0.0,3.905574702794677
1996-07-04T03:38:23.680Z,30.069,88.219,33.0,4.3,mb,,,,0.5,,,,11.0,0.0,0.0,3.29830875980523
1996-07-03T20:35:28.970Z,30.329,87.977,33.0,3.9,mb,,,,1.7,,,,5.0,0.0,0.0,2.888642925937698
1996-07-03T18:02:43.940Z,30.091,87.731,33.0,3.9,mb,,,,1.3,,,,6.0,0.0,0.0,2.888642925937698
1996-07-03T17:07:19.620Z,30.48,88.682,33.0,3.8,mb,,,,0.9,,,,7.0,0.0,0.0,2.7858280529875405
1996-07-03T16:57:40.470Z,29.955,88.061,33.0,4.2,mb,,,,0.7,,,,10.0,0.0,0.0,3.1961681781908107
1996-07-03T12:59:06.940Z,30.105,88.148,33.0,3.8,mb,,,,0.1,,,,4.0,0.0,0.0,2.7858280529875405
1996-07-03T10:49:50.520Z,29.873,87.846,33.0,4.1,mb,,,,0.8,,,,8.0,0.0,0.0,3.0938304423464027
1996-07-03T10:19:42.950Z,30.017,88.214,33.0,4.3,mb,,,,1.2,,,,15.0,0.0,0.0,3.29830875980523
1996-07-03T10:10:33.860Z,29.923,88.187,33.0,5.0,mwc,,,,0.9,,,,,3.6787213395541754,42.51514414565616,4.005558816151229
1996-07-03T07:15:42.960Z,29.993,87.944,33.0,4.0,mb,,,,1.2,,,,6.0,0.0,0.0,2.9913159040774597
1996-07-03T07:10:15.930Z,30.468,88.187,33.0,4.1,mb,,,,1.3,,,,11.0,0.0,0.0,3.0938304423464027
1996-07-03T07:00:28.980Z,29.862,88.113,33.0,4.1,mb,,,,1.2,,,,10.0,0.0,0.0,3.0938304423464027
1996-07-03T06:44:45.550Z,30.147,88.189,33.0,5.7,mwb,,,,1.0,,,,,61.57335283393628,11910.650418891932,4.689854372432077
1996-06-18T01:29:37.280Z,30.123,86.706,33.0,4.0,mb,,,,1.3,,,,9.0,0.0,0.0,2.9913159040774597
1996-05-17T17:05:39.750Z,30.164,88.188,33.0,4.3,mb,,,,0.9,,,,12.0,0.0,0.0,3.29830875980523
1996-05-17T17:04:39.810Z,30.058,88.143,33.0,4.6,mb,,,,0.8,,,,35.0,0.0,0.0,3.6033103694935913
1996-05-17T17:03:48.280Z,30.221,88.21,33.0,4.3,mb,,,,0.8,,,,13.0,0.0,0.0,3.29830875980523
1996-05-14T05:41:08.930Z,29.682,87.935,33.0,4.1,mb,,,,1.4,,,,12.0,0.0,0.0,3.0938304423464027
1996-05-13T02:20:45.700Z,30.066,87.928,33.0,3.8,mb,,,,1.1,,,,8.0,0.0,0.0,2.7858280529875405
1996-05-11T07:27:11.280Z,29.965,88.087,33.0,4.3,mb,,,,1.0,,,,18.0,0.0,0.0,3.29830875980523
1996-05-11T04:48:32.230Z,30.156,88.111,33.0,4.3,mb,,,,0.8,,,,14.0,0.0,0.0,3.29830875980523
1996-05-11T03:58:50.290Z,29.984,88.077,33.0,4.8,mb,,,,1.0,,,,56.0,0.0,0.0,3.8051794168118156
1996-05-10T21:34:57.620Z,30.133,88.314,33.0,4.0,mb,,,,1.0,,,,8.0,0.0,0.0,2.9913159040774597
1996-05-10T09:10:13.390Z,30.117,88.248,33.0,4.1,mb,,,,0.6,,,,11.0,0.0,0.0,3.0938304423464027
1996-05-10T09:07:01.870Z,30.001,88.069,33.0,4.8,mb,,,,0.8,,,,42.0,0.0,0.0,3.8051794168118156
1996-05-10T04:26:49.620Z,30.01,88.072,33.0,4.5,mb,,,,0.9,,,,28.0,0.0,0.0,3.5019060132382744
1996-04-26T16:30:58.490Z,27.825,87.821,33.0,5.0,mb,,,,0.9,,,,35.0,3.6787213395541754,42.51514414565616,4.005558816151229
1996-04-14T12:59:00.250Z,30.106,83.971,33.0,3.8,mb,,,,0.5,,,,4.0,0.0,0.0,2.7858280529875405
1996-04-04T23:03:06.470Z,29.56,80.541,33.0,3.6,mb,,,,1.1,,,,4.0,0.0,0.0,2.579830674767228
1996-03-31T20:09:11.960Z,30.059,88.315,33.0,3.9,mb,,,,1.2,,,,9.0,0.0,0.0,2.888642925937698
1996-03-27T20:01:56.470Z,29.96,88.086,33.0,3.8,mb,,,,0.9,,,,4.0,0.0,0.0,2.7858280529875405
1996-03-23T16:07:34.230Z,27.167,88.302,33.0,4.0,mb,,,,0.3,,,,7.0,0.0,0.0,2.9913159040774597
1996-03-21T15:00:30.880Z,30.29,88.415,33.0,3.9,mb,,,,1.3,,,,6.0,0.0,0.0,2.888642925937698
1996-03-21T06:04:15.730Z,30.187,87.933,33.0,4.0,mb,,,,0.5,,,,8.0,0.0,0.0,2.9913159040774597
1996-03-20T12:51:05.620Z,30.104,88.469,33.0,4.0,mb,,,,1.4,,,,4.0,0.0,0.0,2.9913159040774597
1996-03-12T21:20:15.270Z,30.014,88.151,11.9,4.9,mb,,,,0.8,,,,38.0,27.21515994280899,2326.867505098533,4.698624349612657
1996-02-26T20:29:15.540Z,30.283,84.1,33.0,4.1,mb,,,,1.0,,,,2.0,0.0,0.0,3.0938304423464027
1996-02-22T01:11:27.330Z,28.008,87.23,33.0,4.1,ml,,,,1.3,,,,,0.0,0.0,3.0938304423464027
1996-02-18T19:19:24.080Z,29.952,83.968,33.0,4.2,mb,,,,1.2,,,,17.0,0.0,0.0,3.1961681781908107
1996-02-12T09:32:05.340Z,28.458,88.282,33.0,4.2,mb,,,,0.9,,,,3.0,0.0,0.0,3.1961681781908107
1996-02-07T10:57:00.280Z,29.596,80.49,50.3,4.2,mb,,,,1.4,,8.2,,12.0,0.0,0.0,2.7892221381486744
1996-01-27T00:35:04.210Z,28.106,84.352,10.0,4.3,ml,,,,0.8,,,,,10.919576438077586,374.5945531775667,4.288478149965014
1996-01-25T07:15:13.930Z,28.696,87.223,33.0,4.4,mb,,,,1.5,,,,21.0,0.0,0.0,3.4002296651617794
1996-01-19T12:26:17.220Z,28.991,86.575,33.0,4.1,ml,,,,1.1,,,,,0.0,0.0,3.0938304423464027
1996-01-11T15:29:53.540Z,28.849,86.271,33.0,3.9,mb,,,,1.5,,,,5.0,0.0,0.0,2.888642925937698
1995-12-27T04:15:01.130Z,30.232,88.265,33.0,4.4,mb,,,,1.2,,,,23.0,0.0,0.0,3.4002296651617794
1995-12-24T19:02:07.220Z,27.527,86.265,33.0,4.2,mb,,,,1.3,,,,10.0,0.0,0.0,3.1961681781908107
1995-12-11T09:49:29.890Z,28.707,88.14,33.0,4.1,mb,,,,1.5,,,,7.0,0.0,0.0,3.0938304423464027
1995-11-12T17:56:58.770Z,28.141,85.367,10.0,3.8,mb,,,,1.0,,,,1.0,0.0,0.0,3.8301533610239815
1995-10-27T11:33:23.450Z,28.734,83.52,33.0,4.3,mb,,,,1.0,,,,10.0,0.0,0.0,3.29830875980523
1995-10-05T17:40:16.770Z,30.163,88.233,57.8,4.8,mb,,,,1.3,,5.4,,53.0,0.0,0.0,3.2691349492039303
1995-10-04T14:39:53.860Z,28.253,84.328,33.0,4.4,mb,,,,1.0,,,,12.0,0.0,0.0,3.4002296651617794
1995-09-30T16:36:59.410Z,30.243,86.056,33.0,4.0,mb,,,,1.4,,,,5.0,0.0,0.0,2.9913159040774597
1995-08-08T19:09:57.430Z,30.09,81.746,33.0,4.2,mb,,,,0.4,,,,4.0,0.0,0.0,3.1961681781908107
1995-08-07T00:12:21.770Z,29.862,81.536,30.1,4.1,mb,,,,1.3,,7.0,,12.0,0.0,0.0,3.180188153099941
1995-08-03T03:05:44.440Z,29.968,81.538,26.5,4.7,ms,,,,1.3,,,,1.0,0.0,0.0,3.902041773535041
1995-07-30T07:04:02.530Z,30.266,88.229,45.0,4.8,mb,,,,1.1,,6.5,,55.0,0.0,0.0,3.5143014715076264
1995-07-28T07:57:27.340Z,30.733,86.414,69.8,4.3,mb,,,,1.1,,9.2,,17.0,0.0,0.0,2.5615209686585123
1995-04-24T11:07:55.650Z,30.002,88.181,38.8,4.1,mb,,,,0.6,,21.7,,5.0,0.0,0.0,2.939505051358388
1995-04-24T04:29:01.470Z,29.889,88.253,33.0,4.6,mb,,,,1.1,,,,30.0,0.0,0.0,3.6033103694935913
1995-04-20T22:35:53.900Z,30.35,88.029,33.0,3.9,mb,,,,1.4,,,,5.0,0.0,0.0,2.888642925937698
1995-04-18T19:47:44.900Z,30.288,88.085,33.0,4.2,mb,,,,1.2,,,,12.0,0.0,0.0,3.1961681781908107
1995-04-17T17:34:34.290Z,29.694,81.448,22.6,4.7,mb,,,,1.0,,,,9.0,7.068198481354901,156.95217754870916,4.039848986392424
1995-04-17T01:32:45.040Z,29.691,81.52,18.8,4.8,mb,,,,1.1,,,,29.0,18.729929555294127,1102.1029392210717,4.287453009305168
1995-04-14T07:36:12.300Z,30.049,88.07,33.0,4.2,mb,,,,0.7,,,,9.0,0.0,0.0,3.1961681781908107
1995-03-29T19:11:20.520Z,28.772,84.203,33.0,4.7,mb,,,,0.9,,,,6.0,0.0,0.0,3.7044125484074715
1995-03-24T08:12:39.960Z,28.859,87.767,33.0,4.5,mb,,,,1.3,,,,7.0,0.0,0.0,3.5019060132382744
1995-03-16T23:25:55.970Z,29.94,87.954,16.7,4.4,mb,,,,0.8,,7.9,,13.0,0.0,0.0,3.999400334764743
1995-03-16T23:03:48.000Z,30.203,88.048,33.0,4.2,mb,,,,1.1,,,,7.0,0.0,0.0,3.1961681781908107
1995-03-11T01:38:08.810Z,30.089,88.285,10.0,4.2,mb,,,,1.0,,,,16.0,8.486570187601345,226.26338883957507,4.199076760127543
1995-02-02T10:40:31.280Z,30.045,87.841,10.0,4.4,mb,,,,1.3,,,,10.0,13.359590422338158,560.7072353058386,4.376612577921321
1995-01-30T13:56:46.970Z,28.349,82.457,80.6,4.0,mb,,,,1.1,,11.6,,1.0,0.0,0.0,2.1003442708503037
1995-01-30T03:06:56.720Z,29.286,82.217,51.8,4.1,mb,,,,0.6,,7.4,,11.0,0.0,0.0,2.6567862844827133
1995-01-27T17:20:05.390Z,28.977,81.475,33.0,4.2,mb,,,,1.1,,,,10.0,0.0,0.0,3.1961681781908107
1995-01-19T06:33:15.330Z,28.464,83.316,10.0,4.3,mb,,,,1.0,,,,14.0,10.919576438077586,374.5945531775667,4.288478149965014
1995-01-01T19:56:13.620Z,27.773,87.587,61.1,4.9,mb,,,,0.6,,17.3,,3.0,0.0,0.0,3.3163541139681354
1994-12-30T10:28:26.280Z,30.348,88.26,33.0,4.3,mb,,,,1.4,,,,4.0,0.0,0.0,3.29830875980523
1994-12-12T10:41:36.700Z,29.508,80.712,33.0,4.5,mb,,,,1.1,,,,3.0,0.0,0.0,3.5019060132382744
1994-09-25T00:59:01.310Z,28.159,87.254,33.0,4.0,mb,,,,1.2,,,,3.0,0.0,0.0,2.9913159040774597
1994-08-04T05:08:20.940Z,30.332,86.843,33.0,4.0,mb,,,,0.6,,,,2.0,0.0,0.0,2.9913159040774597
1994-07-17T17:40:48.300Z,29.149,81.371,29.2,5.0,mb,,,,0.7,,,,42.0,15.808004007277177,785.0619837481397,4.114132486051618
1994-07-04T11:54:58.380Z,30.904,86.429,33.0,3.9,mb,,,,0.9,,,,4.0,0.0,0.0,2.888642925937698
1994-06-25T08:32:42.830Z,27.603,85.891,33.0,4.3,mb,,,,0.8,,,,7.0,0.0,0.0,3.29830875980523
1994-05-25T07:38:53.710Z,27.65,87.792,47.9,4.6,mb,,,,0.7,,17.0,,5.0,0.0,0.0,3.2490680249614776
1994-05-10T05:29:54.130Z,29.234,83.936,33.0,4.4,mb,,,,1.5,,,,4.0,0.0,0.0,3.4002296651617794
1994-01-31T08:38:46.940Z,29.552,81.79,35.2,4.7,mb,,,,1.2,,12.3,,22.0,0.0,0.0,3.644763682026168
1993-12-14T02:27:44.390Z,28.489,86.844,33.0,4.6,mb,,,,1.2,,,,9.0,0.0,0.0,3.6033103694935913
1993-11-22T00:27:06.820Z,28.2,82.863,33.0,4.4,mb,,,,1.4,,,,3.0,0.0,0.0,3.4002296651617794
1993-11-14T13:20:37.670Z,30.658,80.356,33.0,4.4,mb,,,,0.9,,,,6.0,0.0,0.0,3.4002296651617794
1993-10-20T16:15:59.680Z,28.723,82.28,37.4,5.1,mb,,,,0.9,,,,55.0,0.0,0.0,3.991939112051999
1993-10-20T07:23:38.640Z,28.776,82.256,33.0,5.0,mb,,,,1.2,,,,37.0,3.6787213395541754,42.51514414565616,4.005558816151229
1993-09-05T06:05:54.630Z,27.293,87.31,33.0,4.5,mb,,,,1.2,,,,27.0,0.0,0.0,3.5019060132382744
1993-08-19T03:49:27.210Z,30.085,80.037,33.0,4.4,mb,,,,1.2,,,,22.0,0.0,0.0,3.4002296651617794
1993-07-09T16:23:17.350Z,26.81,86.059,33.0,4.6,mb,,,,1.2,,,,2.0,0.0,0.0,3.6033103694935913
1993-07-05T22:11:09.840Z,27.939,85.118,33.0,4.7,mb,,,,1.1,,,,31.0,0.0,0.0,3.7044125484074715
1993-07-05T21:52:37.210Z,27.864,84.978,33.0,4.2,mb,,,,0.9,,,,7.0,0.0,0.0,3.1961681781908107
1993-07-05T21:41:45.980Z,28.041,85.063,33.0,3.8,mb,,,,1.0,,,,4.0,0.0,0.0,2.7858280529875405
1993-07-03T02:00:22.230Z,28.357,86.63,33.0,4.7,mb,,,,1.1,,,,24.0,0.0,0.0,3.7044125484074715
1993-04-12T00:57:57.980Z,28.314,82.799,33.0,4.7,mb,,,,1.4,,,,7.0,0.0,0.0,3.7044125484074715
1993-03-31T13:44:10.110Z,29.091,87.349,20.1,5.1,mb,,,,0.9,,,,76.0,31.150046588010586,3048.367155882078,4.517685860645364
1993-03-25T20:16:55.620Z,29.625,80.551,33.0,4.6,mb,,,,0.8,,,,12.0,0.0,0.0,3.6033103694935913
1993-03-20T21:26:39.450Z,28.994,87.383,21.1,5.2,mw,,,,1.1,,,,,35.54745656610266,3969.784550107708,4.573740361529608
1993-03-20T14:51:59.770Z,29.084,87.333,12.2,6.2,mw,,,,1.1,,,,,113.06277602254235,40159.57994638791,5.661323735502068
1993-01-02T14:53:38.310Z,29.145,81.119,14.7,4.9,mb,,,,0.9,,,,40.0,25.810558512218893,2092.8816842591655,4.562208886073061
1992-08-09T22:34:46.450Z,28.697,86.533,37.4,4.3,mb,,,,1.3,,15.1,,12.0,0.0,0.0,3.180003467524257
1992-07-26T23:31:33.630Z,29.064,80.202,33.0,3.5,ml,,,,1.3,,,,,0.0,0.0,2.476673573954792
1992-06-13T15:40:05.410Z,28.945,82.927,32.9,4.9,ms,,,,1.1,,,,2.0,0.0,0.0,3.9083259334701053
1992-06-02T22:07:45.370Z,28.984,81.913,56.3,5.2,mb,,,,1.0,,,,88.0,0.0,0.0,3.7048672297878165
1992-04-04T17:43:20.710Z,28.147,87.979,33.0,4.9,mb,,,,1.1,,,,41.0,0.0,0.0,3.905574702794677
1992-04-01T13:41:03.930Z,27.392,87.065,33.0,4.3,mb,,,,1.4,,,,10.0,0.0,0.0,3.29830875980523
1992-01-30T05:55:47.870Z,29.291,81.128,33.0,4.6,mb,,,,1.3,,,,6.0,0.0,0.0,3.6033103694935913
1991-12-21T19:52:45.500Z,27.904,88.139,57.1,4.9,mb,,,,1.2,,8.9,,27.0,0.0,0.0,3.3839638316277925
1991-12-09T01:02:46.510Z,29.543,81.632,29.4,5.6,mb,,,,0.9,,,,96.0,55.80423369784356,9783.27294806503,4.689060975102933
1991-06-10T21:30:11.950Z,29.266,80.281,58.1,4.6,mb,,,,1.2,,10.8,,11.0,0.0,0.0,3.058121666403734
1991-06-01T02:49:24.700Z,28.743,81.714,33.0,4.3,mb,,,,1.3,,,,7.0,0.0,0.0,3.29830875980523
1991-05-27T21:06:57.360Z,29.349,80.304,52.6,4.6,mb,,,,1.0,,8.6,,19.0,0.0,0.0,3.1571221131258955
1991-05-26T05:29:14.870Z,29.34,80.332,64.9,4.5,mb,,,,1.0,,10.8,,19.0,0.0,0.0,2.8430405389148117
1991-05-20T00:20:39.920Z,30.985,86.774,33.0,4.6,mb,,,,1.1,,,,20.0,0.0,0.0,3.6033103694935913
1991-03-15T04:28:16.300Z,28.317,87.683,42.6,4.6,mb,,,,1.2,,16.7,,7.0,0.0,0.0,3.3625954410964347
1990-12-20T17:04:44.080Z,28.138,82.944,66.8,4.8,mb,,,,1.2,,8.8,,9.0,0.0,0.0,3.1231951818835872
1990-11-09T19:13:39.680Z,30.921,86.327,10.0,4.9,mb,,,,1.0,,,,23.0,27.96917822733938,2457.589175414405,4.796266326866449
1990-11-09T19:09:23.470Z,30.733,86.289,10.0,4.9,mb,,,,1.3,,,,21.0,27.96917822733938,2457.589175414405,4.796266326866449
1990-11-09T16:50:42.700Z,30.632,86.233,10.0,4.7,mb,,,,1.1,,,,22.0,21.46437583000791,1447.3927759372527,4.632809991687335
1990-10-28T17:14:50.910Z,30.682,81.555,33.0,4.5,mb,,,,1.1,,,,8.0,0.0,0.0,3.5019060132382744
1990-10-14T16:13:24.020Z,28.762,81.951,143.2,4.3,mb,,,,0.8,,19.8,,2.0,0.0,0.0,1.7728638039864983
1990-10-14T09:52:41.010Z,30.823,86.385,12.0,4.9,mb,,,,1.4,,,,27.0,27.171215112921896,2319.359098656454,4.693582346924837
1990-09-15T06:11:13.790Z,30.448,85.46,33.0,4.3,mb,,,,1.5,,,,2.0,0.0,0.0,3.29830875980523
1990-05-20T18:01:57.390Z,28.26,83.193,62.1,4.5,mb,,,,0.8,,20.2,,6.0,0.0,0.0,2.887869473361122
1990-05-20T09:10:02.320Z,28.458,83.343,33.0,4.8,mb,,,,0.8,,,,27.0,0.0,0.0,3.8051794168118156
1990-03-01T18:47:26.790Z,28.503,88.599,33.0,4.3,mb,,,,1.3,,,,1.0,0.0,0.0,3.29830875980523
1990-02-21T07:21:17.300Z,28.082,82.43,33.0,4.8,mb,,,,1.2,,,,7.0,0.0,0.0,3.8051794168118156
1990-02-09T15:51:23.020Z,29.925,80.73,33.0,4.6,mb,,,,1.0,,,,15.0,0.0,0.0,3.6033103694935913
1990-01-30T15:06:26.080Z,28.599,85.714,52.4,4.5,mb,,,,1.5,,17.7,,3.0,0.0,0.0,3.0579860205656146
1990-01-10T23:01:21.960Z,26.559,86.663,68.5,4.7,mb,,,,1.4,,11.6,,4.0,0.0,0.0,2.9943637120757796
1990-01-09T02:29:26.690Z,28.225,88.163,79.1,5.5,mb,,,,1.0,,,,53.0,0.0,0.0,3.6693068545113032
